{
"type": "FeatureCollection",
"crs": { "type": "name", "properties": { "name": "urn:ogc:def:crs:OGC:1.3:CRS84" } },
"features": [
{ "type": "Feature", "properties": { "DN": 10 }, "geometry": { "type": "Polygon", "coordinates": [ [ [ 8584672.570726471021771, 1059151.992569144116715 ], [ 8584672.570726471021771, 1059058.966598447645083 ], [ 8584765.596697168424726, 1059058.966598447645083 ], [ 8584765.596697168424726, 1058965.940627751173452 ], [ 8584982.657295459881425, 1058965.940627751173452 ], [ 8584982.657295459881425, 1058841.906000155722722 ], [ 8584951.648638561367989, 1058841.906000155722722 ], [ 8584858.622667863965034, 1058841.906000155722722 ], [ 8584858.622667863965034, 1058562.828088066540658 ], [ 8584827.614010965451598, 1058562.828088066540658 ], [ 8584765.596697168424726, 1058562.828088066540658 ], [ 8584765.596697168424726, 1058438.793460471089929 ], [ 8584858.622667863965034, 1058438.793460471089929 ], [ 8584858.622667863965034, 1058345.767489774618298 ], [ 8584982.657295459881425, 1058345.767489774618298 ], [ 8584982.657295459881425, 1058438.793460471089929 ], [ 8585137.700579954311252, 1058438.793460471089929 ], [ 8585168.709236852824688, 1058438.793460471089929 ], [ 8585168.709236852824688, 1058562.828088066540658 ], [ 8585261.735207548364997, 1058562.828088066540658 ], [ 8585261.735207548364997, 1058345.767489774618298 ], [ 8585354.761178245767951, 1058345.767489774618298 ], [ 8585385.769835144281387, 1058345.767489774618298 ], [ 8585385.769835144281387, 1058748.880029459483922 ], [ 8585261.735207548364997, 1058748.880029459483922 ], [ 8585261.735207548364997, 1058965.940627751173452 ], [ 8585881.908345524221659, 1058965.940627751173452 ], [ 8585881.908345524221659, 1058748.880029459483922 ], [ 8585974.934316221624613, 1058748.880029459483922 ], [ 8585974.934316221624613, 1058562.828088066540658 ], [ 8586191.994914513081312, 1058562.828088066540658 ], [ 8586191.994914513081312, 1058345.767489774618298 ], [ 8586285.020885210484266, 1058345.767489774618298 ], [ 8586285.020885210484266, 1058438.793460471089929 ], [ 8586471.072826603427529, 1058438.793460471089929 ], [ 8586502.081483501940966, 1058438.793460471089929 ], [ 8586502.081483501940966, 1058655.85405876301229 ], [ 8586378.046855906024575, 1058655.85405876301229 ], [ 8586378.046855906024575, 1058748.880029459483922 ], [ 8586191.994914513081312, 1058748.880029459483922 ], [ 8586191.994914513081312, 1058965.940627751173452 ], [ 8586285.020885210484266, 1058965.940627751173452 ], [ 8586285.020885210484266, 1058841.906000155722722 ], [ 8586502.081483501940966, 1058841.906000155722722 ], [ 8586502.081483501940966, 1058748.880029459483922 ], [ 8586781.159395590424538, 1058748.880029459483922 ], [ 8586781.159395590424538, 1058841.906000155722722 ], [ 8586874.185366287827492, 1058841.906000155722722 ], [ 8586905.194023186340928, 1058841.906000155722722 ], [ 8586905.194023186340928, 1058965.940627751173452 ], [ 8587060.237307680770755, 1058965.940627751173452 ], [ 8587091.245964579284191, 1058965.940627751173452 ], [ 8587091.245964579284191, 1059151.992569144116715 ], [ 8584672.570726471021771, 1059151.992569144116715 ] ], [ [ 8585385.769835144281387, 1058345.767489774618298 ], [ 8585385.769835144281387, 1058252.741519078146666 ], [ 8585478.795805839821696, 1058252.741519078146666 ], [ 8585478.795805839821696, 1058345.767489774618298 ], [ 8585385.769835144281387, 1058345.767489774618298 ] ] ] } },
{ "type": "Feature", "properties": { "DN": 10 }, "geometry": { "type": "Polygon", "coordinates": [ [ [ 8586502.081483501940966, 1057446.51643970888108 ], [ 8586502.081483501940966, 1057322.481812113663182 ], [ 8586471.072826603427529, 1057322.481812113663182 ], [ 8586378.046855906024575, 1057322.481812113663182 ], [ 8586378.046855906024575, 1057229.45584141719155 ], [ 8586285.020885210484266, 1057229.45584141719155 ], [ 8586285.020885210484266, 1057322.481812113663182 ], [ 8585881.908345524221659, 1057322.481812113663182 ], [ 8585881.908345524221659, 1057136.429870720719919 ], [ 8586067.960286917164922, 1057136.429870720719919 ], [ 8586067.960286917164922, 1057043.403900024248287 ], [ 8586502.081483501940966, 1057043.403900024248287 ], [ 8586502.081483501940966, 1056919.369272429030389 ], [ 8586595.107454197481275, 1056919.369272429030389 ], [ 8586595.107454197481275, 1057043.403900024248287 ], [ 8586688.133424894884229, 1057043.403900024248287 ], [ 8586688.133424894884229, 1056919.369272429030389 ], [ 8586905.194023186340928, 1056919.369272429030389 ], [ 8586905.194023186340928, 1056826.343301732558757 ], [ 8586874.185366287827492, 1056826.343301732558757 ], [ 8586688.133424894884229, 1056826.343301732558757 ], [ 8586688.133424894884229, 1056609.282703440636396 ], [ 8586781.159395590424538, 1056609.282703440636396 ], [ 8586781.159395590424538, 1056423.230762047925964 ], [ 8586905.194023186340928, 1056423.230762047925964 ], [ 8586905.194023186340928, 1056826.343301732558757 ], [ 8586998.219993881881237, 1056826.343301732558757 ], [ 8586998.219993881881237, 1056733.317331036087126 ], [ 8587060.237307680770755, 1056733.317331036087126 ], [ 8587091.245964579284191, 1056733.317331036087126 ], [ 8587091.245964579284191, 1056919.369272429030389 ], [ 8587184.2719352748245, 1056919.369272429030389 ], [ 8587184.2719352748245, 1056733.317331036087126 ], [ 8587277.297905972227454, 1056733.317331036087126 ], [ 8587308.306562870740891, 1056733.317331036087126 ], [ 8587308.306562870740891, 1057043.403900024248287 ], [ 8587370.323876667767763, 1057043.403900024248287 ], [ 8587401.332533568143845, 1057043.403900024248287 ], [ 8587401.332533568143845, 1057446.51643970888108 ], [ 8587184.2719352748245, 1057446.51643970888108 ], [ 8587184.2719352748245, 1057322.481812113663182 ], [ 8587153.263278376311064, 1057322.481812113663182 ], [ 8586998.219993881881237, 1057322.481812113663182 ], [ 8586998.219993881881237, 1057229.45584141719155 ], [ 8586781.159395590424538, 1057229.45584141719155 ], [ 8586781.159395590424538, 1057322.481812113663182 ], [ 8586688.133424894884229, 1057322.481812113663182 ], [ 8586688.133424894884229, 1057446.51643970888108 ], [ 8586502.081483501940966, 1057446.51643970888108 ] ] ] } },
{ "type": "Feature", "properties": { "DN": 10 }, "geometry": { "type": "Polygon", "coordinates": [ [ [ 8564516.943742237985134, 1059151.992569144116715 ], [ 8564516.943742237985134, 1059058.966598447645083 ], [ 8564702.995683630928397, 1059058.966598447645083 ], [ 8564702.995683630928397, 1058965.940627751173452 ], [ 8564920.056281922385097, 1058965.940627751173452 ], [ 8564920.056281922385097, 1058841.906000155722722 ], [ 8565013.082252619788051, 1058841.906000155722722 ], [ 8565013.082252619788051, 1058748.880029459483922 ], [ 8565106.10822331532836, 1058748.880029459483922 ], [ 8565106.10822331532836, 1058655.85405876301229 ], [ 8565323.168821606785059, 1058655.85405876301229 ], [ 8565323.168821606785059, 1058562.828088066540658 ], [ 8565416.194792304188013, 1058562.828088066540658 ], [ 8565416.194792304188013, 1058438.793460471089929 ], [ 8565726.281361291185021, 1058438.793460471089929 ], [ 8565726.281361291185021, 1058252.741519078146666 ], [ 8565819.307331988587976, 1058252.741519078146666 ], [ 8565819.307331988587976, 1058128.706891482928768 ], [ 8565912.333302684128284, 1058128.706891482928768 ], [ 8565912.333302684128284, 1058035.680920786457136 ], [ 8566036.367930280044675, 1058035.680920786457136 ], [ 8566036.367930280044675, 1057942.654950089985505 ], [ 8566129.393900977447629, 1057942.654950089985505 ], [ 8566129.393900977447629, 1057849.628979393513873 ], [ 8566222.419871672987938, 1057849.628979393513873 ], [ 8566222.419871672987938, 1057725.594351798295975 ], [ 8566315.445842370390892, 1057725.594351798295975 ], [ 8566315.445842370390892, 1057632.568381101824343 ], [ 8566439.480469964444637, 1057632.568381101824343 ], [ 8566439.480469964444637, 1057446.51643970888108 ], [ 8566625.5324113573879, 1057446.51643970888108 ], [ 8566625.5324113573879, 1057229.45584141719155 ], [ 8566594.523754458874464, 1057229.45584141719155 ], [ 8566532.506440661847591, 1057229.45584141719155 ], [ 8566532.506440661847591, 1057136.429870720719919 ], [ 8566501.497783763334155, 1057136.429870720719919 ], [ 8566439.480469964444637, 1057136.429870720719919 ], [ 8566439.480469964444637, 1056826.343301732558757 ], [ 8566408.471813065931201, 1056826.343301732558757 ], [ 8566315.445842370390892, 1056826.343301732558757 ], [ 8566315.445842370390892, 1056609.282703440636396 ], [ 8566284.437185470014811, 1056609.282703440636396 ], [ 8566222.419871672987938, 1056609.282703440636396 ], [ 8566222.419871672987938, 1056330.204791351454332 ], [ 8566439.480469964444637, 1056330.204791351454332 ], [ 8566439.480469964444637, 1056206.170163756003603 ], [ 8566532.506440661847591, 1056206.170163756003603 ], [ 8566532.506440661847591, 1056113.144193059531972 ], [ 8566625.5324113573879, 1056113.144193059531972 ], [ 8566625.5324113573879, 1056020.11822236306034 ], [ 8566935.618980346247554, 1056020.11822236306034 ], [ 8566935.618980346247554, 1056113.144193059531972 ], [ 8566997.636294143274426, 1056113.144193059531972 ], [ 8567028.644951041787863, 1056113.144193059531972 ], [ 8567028.644951041787863, 1056423.230762047925964 ], [ 8566842.5930096488446, 1056423.230762047925964 ], [ 8566842.5930096488446, 1056516.256732744397596 ], [ 8566904.610323447734118, 1056516.256732744397596 ], [ 8566935.618980346247554, 1056516.256732744397596 ], [ 8566935.618980346247554, 1056609.282703440636396 ], [ 8567028.644951041787863, 1056609.282703440636396 ], [ 8567028.644951041787863, 1056516.256732744397596 ], [ 8567121.670921739190817, 1056516.256732744397596 ], [ 8567121.670921739190817, 1056609.282703440636396 ], [ 8567245.705549335107207, 1056609.282703440636396 ], [ 8567245.705549335107207, 1056330.204791351454332 ], [ 8567338.731520030647516, 1056330.204791351454332 ], [ 8567338.731520030647516, 1056206.170163756003603 ], [ 8567431.75749072805047, 1056206.170163756003603 ], [ 8567431.75749072805047, 1056113.144193059531972 ], [ 8567555.792118322104216, 1056113.144193059531972 ], [ 8567555.792118322104216, 1056020.11822236306034 ], [ 8567741.844059715047479, 1056020.11822236306034 ], [ 8567741.844059715047479, 1055927.092251666588709 ], [ 8567834.870030412450433, 1055927.092251666588709 ], [ 8567834.870030412450433, 1056020.11822236306034 ], [ 8567927.896001107990742, 1056020.11822236306034 ], [ 8567958.904658006504178, 1056020.11822236306034 ], [ 8567958.904658006504178, 1056206.170163756003603 ], [ 8568051.930628703907132, 1056206.170163756003603 ], [ 8568051.930628703907132, 1056113.144193059531972 ], [ 8568144.956599399447441, 1056113.144193059531972 ], [ 8568144.956599399447441, 1055927.092251666588709 ], [ 8568455.043168388307095, 1055927.092251666588709 ], [ 8568455.043168388307095, 1056113.144193059531972 ], [ 8568362.01719769090414, 1056113.144193059531972 ], [ 8568362.01719769090414, 1056206.170163756003603 ], [ 8568424.034511489793658, 1056206.170163756003603 ], [ 8568455.043168388307095, 1056206.170163756003603 ], [ 8568455.043168388307095, 1056330.204791351454332 ], [ 8568362.01719769090414, 1056330.204791351454332 ], [ 8568362.01719769090414, 1056516.256732744397596 ], [ 8568144.956599399447441, 1056516.256732744397596 ], [ 8568144.956599399447441, 1056330.204791351454332 ], [ 8567834.870030412450433, 1056330.204791351454332 ], [ 8567834.870030412450433, 1056423.230762047925964 ], [ 8567741.844059715047479, 1056423.230762047925964 ], [ 8567741.844059715047479, 1056609.282703440636396 ], [ 8567648.81808901950717, 1056609.282703440636396 ], [ 8567648.81808901950717, 1056733.317331036087126 ], [ 8567555.792118322104216, 1056733.317331036087126 ], [ 8567555.792118322104216, 1056919.369272429030389 ], [ 8567338.731520030647516, 1056919.369272429030389 ], [ 8567338.731520030647516, 1057136.429870720719919 ], [ 8567245.705549335107207, 1057136.429870720719919 ], [ 8567245.705549335107207, 1057229.45584141719155 ], [ 8567307.72286313213408, 1057229.45584141719155 ], [ 8567338.731520030647516, 1057229.45584141719155 ], [ 8567338.731520030647516, 1057322.481812113663182 ], [ 8567245.705549335107207, 1057322.481812113663182 ], [ 8567245.705549335107207, 1057446.51643970888108 ], [ 8567121.670921739190817, 1057446.51643970888108 ], [ 8567121.670921739190817, 1057539.542410405352712 ], [ 8567214.696892434731126, 1057539.542410405352712 ], [ 8567245.705549335107207, 1057539.542410405352712 ], [ 8567245.705549335107207, 1057632.568381101824343 ], [ 8567338.731520030647516, 1057632.568381101824343 ], [ 8567338.731520030647516, 1057539.542410405352712 ], [ 8567431.75749072805047, 1057539.542410405352712 ], [ 8567431.75749072805047, 1057446.51643970888108 ], [ 8567834.870030412450433, 1057446.51643970888108 ], [ 8567834.870030412450433, 1057322.481812113663182 ], [ 8568020.921971805393696, 1057322.481812113663182 ], [ 8568051.930628703907132, 1057322.481812113663182 ], [ 8568051.930628703907132, 1057632.568381101824343 ], [ 8567958.904658006504178, 1057632.568381101824343 ], [ 8567958.904658006504178, 1057849.628979393513873 ], [ 8568144.956599399447441, 1057849.628979393513873 ], [ 8568144.956599399447441, 1057725.594351798295975 ], [ 8568331.008540792390704, 1057725.594351798295975 ], [ 8568362.01719769090414, 1057725.594351798295975 ], [ 8568362.01719769090414, 1057849.628979393513873 ], [ 8568237.982570096850395, 1057849.628979393513873 ], [ 8568237.982570096850395, 1058128.706891482928768 ], [ 8568144.956599399447441, 1058128.706891482928768 ], [ 8568144.956599399447441, 1058252.741519078146666 ], [ 8568206.973913198336959, 1058252.741519078146666 ], [ 8568237.982570096850395, 1058252.741519078146666 ], [ 8568237.982570096850395, 1058438.793460471089929 ], [ 8568641.095109781250358, 1058438.793460471089929 ], [ 8568672.103766679763794, 1058438.793460471089929 ], [ 8568672.103766679763794, 1058841.906000155722722 ], [ 8568734.121080476790667, 1058841.906000155722722 ], [ 8568765.129737377166748, 1058841.906000155722722 ], [ 8568765.129737377166748, 1059151.992569144116715 ], [ 8564516.943742237985134, 1059151.992569144116715 ] ], [ [ 8566036.367930280044675, 1058128.706891482928768 ], [ 8566129.393900977447629, 1058128.706891482928768 ], [ 8566129.393900977447629, 1058035.680920786457136 ], [ 8566036.367930280044675, 1058035.680920786457136 ], [ 8566036.367930280044675, 1058128.706891482928768 ] ], [ [ 8567338.731520030647516, 1058128.706891482928768 ], [ 8567431.75749072805047, 1058128.706891482928768 ], [ 8567431.75749072805047, 1058035.680920786457136 ], [ 8567338.731520030647516, 1058035.680920786457136 ], [ 8567338.731520030647516, 1058128.706891482928768 ] ], [ [ 8566935.618980346247554, 1057632.568381101824343 ], [ 8567028.644951041787863, 1057632.568381101824343 ], [ 8567028.644951041787863, 1057446.51643970888108 ], [ 8566935.618980346247554, 1057446.51643970888108 ], [ 8566935.618980346247554, 1057632.568381101824343 ] ], [ [ 8567028.644951041787863, 1057942.654950089985505 ], [ 8567121.670921739190817, 1057942.654950089985505 ], [ 8567121.670921739190817, 1057849.628979393513873 ], [ 8567028.644951041787863, 1057849.628979393513873 ], [ 8567028.644951041787863, 1057942.654950089985505 ] ] ] } },
{ "type": "Feature", "properties": { "DN": 10 }, "geometry": { "type": "Polygon", "coordinates": [ [ [ 8586502.081483501940966, 1052981.269846278708428 ], [ 8586502.081483501940966, 1052888.243875582236797 ], [ 8586688.133424894884229, 1052888.243875582236797 ], [ 8586688.133424894884229, 1052764.209247987018898 ], [ 8586998.219993881881237, 1052764.209247987018898 ], [ 8586998.219993881881237, 1052671.183277290547267 ], [ 8587091.245964579284191, 1052671.183277290547267 ], [ 8587091.245964579284191, 1052764.209247987018898 ], [ 8587153.263278376311064, 1052764.209247987018898 ], [ 8587184.2719352748245, 1052764.209247987018898 ], [ 8587184.2719352748245, 1052888.243875582236797 ], [ 8587091.245964579284191, 1052888.243875582236797 ], [ 8587091.245964579284191, 1052981.269846278708428 ], [ 8586998.219993881881237, 1052981.269846278708428 ], [ 8586998.219993881881237, 1052888.243875582236797 ], [ 8586905.194023186340928, 1052888.243875582236797 ], [ 8586905.194023186340928, 1052981.269846278708428 ], [ 8586502.081483501940966, 1052981.269846278708428 ] ], [ [ 8586285.020885210484266, 1052361.096708302386105 ], [ 8586347.038199007511139, 1052361.096708302386105 ], [ 8586378.046855906024575, 1052361.096708302386105 ], [ 8586378.046855906024575, 1052671.183277290547267 ], [ 8586502.081483501940966, 1052671.183277290547267 ], [ 8586502.081483501940966, 1052361.096708302386105 ], [ 8586595.107454197481275, 1052361.096708302386105 ], [ 8586595.107454197481275, 1052268.070737605914474 ], [ 8586564.098797298967838, 1052268.070737605914474 ], [ 8586285.020885210484266, 1052268.070737605914474 ], [ 8586285.020885210484266, 1052361.096708302386105 ] ], [ [ 8587308.306562870740891, 1051771.932227224810049 ], [ 8587308.306562870740891, 1051647.89759962935932 ], [ 8587494.358504263684154, 1051647.89759962935932 ], [ 8587494.358504263684154, 1051554.871628932887688 ], [ 8587711.419102555140853, 1051554.871628932887688 ], [ 8587711.419102555140853, 1051647.89759962935932 ], [ 8587866.46238704957068, 1051647.89759962935932 ], [ 8587897.471043948084116, 1051647.89759962935932 ], [ 8587897.471043948084116, 1052981.269846278708428 ], [ 8587804.445073252543807, 1052981.269846278708428 ], [ 8587804.445073252543807, 1052888.243875582236797 ], [ 8587773.436416354030371, 1052888.243875582236797 ], [ 8587494.358504263684154, 1052888.243875582236797 ], [ 8587494.358504263684154, 1052764.209247987018898 ], [ 8587463.349847365170717, 1052764.209247987018898 ], [ 8587184.2719352748245, 1052764.209247987018898 ], [ 8587184.2719352748245, 1052578.157306594075635 ], [ 8587153.263278376311064, 1052578.157306594075635 ], [ 8587091.245964579284191, 1052578.157306594075635 ], [ 8587091.245964579284191, 1052454.122678998857737 ], [ 8586905.194023186340928, 1052454.122678998857737 ], [ 8586905.194023186340928, 1052578.157306594075635 ], [ 8586688.133424894884229, 1052578.157306594075635 ], [ 8586688.133424894884229, 1052454.122678998857737 ], [ 8586657.124767996370792, 1052454.122678998857737 ], [ 8586595.107454197481275, 1052454.122678998857737 ], [ 8586595.107454197481275, 1052361.096708302386105 ], [ 8586905.194023186340928, 1052361.096708302386105 ], [ 8586905.194023186340928, 1052268.070737605914474 ], [ 8587091.245964579284191, 1052268.070737605914474 ], [ 8587091.245964579284191, 1052175.044766909442842 ], [ 8587184.2719352748245, 1052175.044766909442842 ], [ 8587184.2719352748245, 1051957.984168617753312 ], [ 8587401.332533568143845, 1051957.984168617753312 ], [ 8587401.332533568143845, 1051771.932227224810049 ], [ 8587370.323876667767763, 1051771.932227224810049 ], [ 8587308.306562870740891, 1051771.932227224810049 ] ], [ [ 8587184.2719352748245, 1052454.122678998857737 ], [ 8587308.306562870740891, 1052454.122678998857737 ], [ 8587308.306562870740891, 1052268.070737605914474 ], [ 8587401.332533568143845, 1052268.070737605914474 ], [ 8587401.332533568143845, 1052051.010139314224944 ], [ 8587587.384474961087108, 1052051.010139314224944 ], [ 8587587.384474961087108, 1051957.984168617753312 ], [ 8587401.332533568143845, 1051957.984168617753312 ], [ 8587401.332533568143845, 1052051.010139314224944 ], [ 8587308.306562870740891, 1052051.010139314224944 ], [ 8587308.306562870740891, 1052268.070737605914474 ], [ 8587184.2719352748245, 1052268.070737605914474 ], [ 8587184.2719352748245, 1052454.122678998857737 ] ] ] } },
{ "type": "Feature", "properties": { "DN": 10 }, "geometry": { "type": "Polygon", "coordinates": [ [ [ 8587804.445073252543807, 1051151.759089248254895 ], [ 8587804.445073252543807, 1051058.733118551783264 ], [ 8587773.436416354030371, 1051058.733118551783264 ], [ 8587494.358504263684154, 1051058.733118551783264 ], [ 8587494.358504263684154, 1050934.698490956565365 ], [ 8587866.46238704957068, 1050934.698490956565365 ], [ 8587897.471043948084116, 1050934.698490956565365 ], [ 8587897.471043948084116, 1051151.759089248254895 ], [ 8587804.445073252543807, 1051151.759089248254895 ] ] ] } },
{ "type": "Feature", "properties": { "DN": 10 }, "geometry": { "type": "Polygon", "coordinates": [ [ [ 8587804.445073252543807, 1050841.672520260093734 ], [ 8587804.445073252543807, 1050748.646549563622102 ], [ 8587773.436416354030371, 1050748.646549563622102 ], [ 8587711.419102555140853, 1050748.646549563622102 ], [ 8587711.419102555140853, 1050655.620578867150471 ], [ 8587680.410445656627417, 1050655.620578867150471 ], [ 8587587.384474961087108, 1050655.620578867150471 ], [ 8587587.384474961087108, 1050531.585951271932572 ], [ 8587401.332533568143845, 1050531.585951271932572 ], [ 8587401.332533568143845, 1050655.620578867150471 ], [ 8587308.306562870740891, 1050655.620578867150471 ], [ 8587308.306562870740891, 1050438.559980575460941 ], [ 8587277.297905972227454, 1050438.559980575460941 ], [ 8586998.219993881881237, 1050438.559980575460941 ], [ 8586998.219993881881237, 1050252.508039182517678 ], [ 8587308.306562870740891, 1050252.508039182517678 ], [ 8587308.306562870740891, 1050128.473411587299779 ], [ 8587587.384474961087108, 1050128.473411587299779 ], [ 8587587.384474961087108, 1050252.508039182517678 ], [ 8587711.419102555140853, 1050252.508039182517678 ], [ 8587711.419102555140853, 1050035.447440890828148 ], [ 8587866.46238704957068, 1050035.447440890828148 ], [ 8587897.471043948084116, 1050035.447440890828148 ], [ 8587897.471043948084116, 1050841.672520260093734 ], [ 8587804.445073252543807, 1050841.672520260093734 ] ], [ [ 8587401.332533568143845, 1050438.559980575460941 ], [ 8587401.332533568143845, 1050345.534009878989309 ], [ 8587494.358504263684154, 1050345.534009878989309 ], [ 8587494.358504263684154, 1050438.559980575460941 ], [ 8587401.332533568143845, 1050438.559980575460941 ] ] ] } },
{ "type": "Feature", "properties": { "DN": 10 }, "geometry": { "type": "Polygon", "coordinates": [ [ [ 8554873.251446705311537, 1059151.992569144116715 ], [ 8554873.251446705311537, 1059058.966598447645083 ], [ 8554842.2427898067981, 1059058.966598447645083 ], [ 8554780.225476007908583, 1059058.966598447645083 ], [ 8554780.225476007908583, 1058035.680920786457136 ], [ 8554873.251446705311537, 1058035.680920786457136 ], [ 8554873.251446705311537, 1057942.654950089985505 ], [ 8554966.277417400851846, 1057942.654950089985505 ], [ 8554966.277417400851846, 1057849.628979393513873 ], [ 8555090.312044996768236, 1057849.628979393513873 ], [ 8555090.312044996768236, 1057725.594351798295975 ], [ 8555183.338015692308545, 1057725.594351798295975 ], [ 8555183.338015692308545, 1057446.51643970888108 ], [ 8555152.329358793795109, 1057446.51643970888108 ], [ 8555090.312044996768236, 1057446.51643970888108 ], [ 8555090.312044996768236, 1057322.481812113663182 ], [ 8555183.338015692308545, 1057322.481812113663182 ], [ 8555183.338015692308545, 1057229.45584141719155 ], [ 8555152.329358793795109, 1057229.45584141719155 ], [ 8555090.312044996768236, 1057229.45584141719155 ], [ 8555090.312044996768236, 1057136.429870720719919 ], [ 8555059.3033880982548, 1057136.429870720719919 ], [ 8554966.277417400851846, 1057136.429870720719919 ], [ 8554966.277417400851846, 1056826.343301732558757 ], [ 8555090.312044996768236, 1056826.343301732558757 ], [ 8555090.312044996768236, 1056423.230762047925964 ], [ 8555059.3033880982548, 1056423.230762047925964 ], [ 8554966.277417400851846, 1056423.230762047925964 ], [ 8554966.277417400851846, 1056330.204791351454332 ], [ 8554935.268760502338409, 1056330.204791351454332 ], [ 8554780.225476007908583, 1056330.204791351454332 ], [ 8554780.225476007908583, 1049725.360871902666986 ], [ 8554873.251446705311537, 1049725.360871902666986 ], [ 8554873.251446705311537, 1049632.334901206195354 ], [ 8554842.2427898067981, 1049632.334901206195354 ], [ 8554780.225476007908583, 1049632.334901206195354 ], [ 8554780.225476007908583, 1049415.274302914272994 ], [ 8555059.3033880982548, 1049415.274302914272994 ], [ 8555090.312044996768236, 1049415.274302914272994 ], [ 8555090.312044996768236, 1049632.334901206195354 ], [ 8554966.277417400851846, 1049632.334901206195354 ], [ 8554966.277417400851846, 1049725.360871902666986 ], [ 8554873.251446705311537, 1049725.360871902666986 ], [ 8554873.251446705311537, 1050128.473411587299779 ], [ 8555152.329358793795109, 1050128.473411587299779 ], [ 8555183.338015692308545, 1050128.473411587299779 ], [ 8555183.338015692308545, 1050531.585951271932572 ], [ 8555276.363986389711499, 1050531.585951271932572 ], [ 8555276.363986389711499, 1050438.559980575460941 ], [ 8555369.389957085251808, 1050438.559980575460941 ], [ 8555400.39861398562789, 1050438.559980575460941 ], [ 8555400.39861398562789, 1051058.733118551783264 ], [ 8555276.363986389711499, 1051058.733118551783264 ], [ 8555276.363986389711499, 1051461.845658236416057 ], [ 8555369.389957085251808, 1051461.845658236416057 ], [ 8555400.39861398562789, 1051461.845658236416057 ], [ 8555400.39861398562789, 1051554.871628932887688 ], [ 8555493.424584681168199, 1051554.871628932887688 ], [ 8555493.424584681168199, 1051461.845658236416057 ], [ 8555648.467869175598025, 1051461.845658236416057 ], [ 8555679.476526074111462, 1051461.845658236416057 ], [ 8555679.476526074111462, 1051647.89759962935932 ], [ 8555803.511153670027852, 1051647.89759962935932 ], [ 8555803.511153670027852, 1051461.845658236416057 ], [ 8556206.623693354427814, 1051461.845658236416057 ], [ 8556206.623693354427814, 1051368.819687540177256 ], [ 8556392.675634747371078, 1051368.819687540177256 ], [ 8556392.675634747371078, 1051244.785059944726527 ], [ 8556361.666977848857641, 1051244.785059944726527 ], [ 8556299.649664049968123, 1051244.785059944726527 ], [ 8556299.649664049968123, 1051151.759089248254895 ], [ 8556268.641007151454687, 1051151.759089248254895 ], [ 8555896.537124365568161, 1051151.759089248254895 ], [ 8555896.537124365568161, 1051058.733118551783264 ], [ 8555989.563095062971115, 1051058.733118551783264 ], [ 8555989.563095062971115, 1050934.698490956565365 ], [ 8556082.589065758511424, 1050934.698490956565365 ], [ 8556082.589065758511424, 1050841.672520260093734 ], [ 8556485.701605442911386, 1050841.672520260093734 ], [ 8556485.701605442911386, 1050934.698490956565365 ], [ 8556578.727576140314341, 1050934.698490956565365 ], [ 8556609.736233038827777, 1050934.698490956565365 ], [ 8556609.736233038827777, 1051058.733118551783264 ], [ 8556671.75354683585465, 1051058.733118551783264 ], [ 8556702.762203736230731, 1051058.733118551783264 ], [ 8556702.762203736230731, 1051244.785059944726527 ], [ 8556764.779517533257604, 1051244.785059944726527 ], [ 8556795.78817443177104, 1051244.785059944726527 ], [ 8556795.78817443177104, 1051368.819687540177256 ], [ 8556888.814145129173994, 1051368.819687540177256 ], [ 8556919.82280202768743, 1051368.819687540177256 ], [ 8556919.82280202768743, 1051461.845658236416057 ], [ 8556702.762203736230731, 1051461.845658236416057 ], [ 8556702.762203736230731, 1051554.871628932887688 ], [ 8556764.779517533257604, 1051554.871628932887688 ], [ 8556795.78817443177104, 1051554.871628932887688 ], [ 8556795.78817443177104, 1051647.89759962935932 ], [ 8556888.814145129173994, 1051647.89759962935932 ], [ 8556919.82280202768743, 1051647.89759962935932 ], [ 8556919.82280202768743, 1051771.932227224810049 ], [ 8557012.848772723227739, 1051771.932227224810049 ], [ 8557012.848772723227739, 1051647.89759962935932 ], [ 8557105.874743420630693, 1051647.89759962935932 ], [ 8557105.874743420630693, 1051771.932227224810049 ], [ 8557167.892057217657566, 1051771.932227224810049 ], [ 8557198.900714116171002, 1051771.932227224810049 ], [ 8557198.900714116171002, 1051864.95819792128168 ], [ 8557291.926684813573956, 1051864.95819792128168 ], [ 8557322.935341712087393, 1051864.95819792128168 ], [ 8557322.935341712087393, 1051957.984168617753312 ], [ 8557384.952655509114265, 1051957.984168617753312 ], [ 8557415.961312407627702, 1051957.984168617753312 ], [ 8557415.961312407627702, 1052051.010139314224944 ], [ 8557477.97862620651722, 1052051.010139314224944 ], [ 8557508.987283105030656, 1052051.010139314224944 ], [ 8557508.987283105030656, 1052175.044766909442842 ], [ 8557571.004596902057528, 1052175.044766909442842 ], [ 8557602.013253800570965, 1052175.044766909442842 ], [ 8557602.013253800570965, 1052268.070737605914474 ], [ 8557695.039224497973919, 1052268.070737605914474 ], [ 8557726.047881396487355, 1052268.070737605914474 ], [ 8557726.047881396487355, 1052361.096708302386105 ], [ 8558129.160421080887318, 1052361.096708302386105 ], [ 8558129.160421080887318, 1052268.070737605914474 ], [ 8558315.212362473830581, 1052268.070737605914474 ], [ 8558315.212362473830581, 1052175.044766909442842 ], [ 8558532.27296076528728, 1052175.044766909442842 ], [ 8558532.27296076528728, 1051957.984168617753312 ], [ 8558625.298931462690234, 1051957.984168617753312 ], [ 8558625.298931462690234, 1051771.932227224810049 ], [ 8558842.359529754146934, 1051771.932227224810049 ], [ 8558842.359529754146934, 1051647.89759962935932 ], [ 8558935.385500449687243, 1051647.89759962935932 ], [ 8558935.385500449687243, 1051864.95819792128168 ], [ 8558842.359529754146934, 1051864.95819792128168 ], [ 8558842.359529754146934, 1051957.984168617753312 ], [ 8558935.385500449687243, 1051957.984168617753312 ], [ 8558935.385500449687243, 1051864.95819792128168 ], [ 8559121.437441842630506, 1051864.95819792128168 ], [ 8559121.437441842630506, 1051771.932227224810049 ], [ 8559090.428784944117069, 1051771.932227224810049 ], [ 8559028.411471147090197, 1051771.932227224810049 ], [ 8559028.411471147090197, 1051647.89759962935932 ], [ 8559524.549981528893113, 1051647.89759962935932 ], [ 8559524.549981528893113, 1051771.932227224810049 ], [ 8559617.575952224433422, 1051771.932227224810049 ], [ 8559648.584609122946858, 1051771.932227224810049 ], [ 8559648.584609122946858, 1051864.95819792128168 ], [ 8559710.601922921836376, 1051864.95819792128168 ], [ 8559741.610579820349813, 1051864.95819792128168 ], [ 8559741.610579820349813, 1052268.070737605914474 ], [ 8559648.584609122946858, 1052268.070737605914474 ], [ 8559648.584609122946858, 1052454.122678998857737 ], [ 8559524.549981528893113, 1052454.122678998857737 ], [ 8559524.549981528893113, 1052578.157306594075635 ], [ 8559431.524010831490159, 1052578.157306594075635 ], [ 8559431.524010831490159, 1052671.183277290547267 ], [ 8559493.541324628517032, 1052671.183277290547267 ], [ 8559524.549981528893113, 1052671.183277290547267 ], [ 8559524.549981528893113, 1052764.209247987018898 ], [ 8559958.671178111806512, 1052764.209247987018898 ], [ 8559958.671178111806512, 1052671.183277290547267 ], [ 8560051.697148807346821, 1052671.183277290547267 ], [ 8560051.697148807346821, 1052578.157306594075635 ], [ 8560144.723119504749775, 1052578.157306594075635 ], [ 8560144.723119504749775, 1052454.122678998857737 ], [ 8560237.749090200290084, 1052454.122678998857737 ], [ 8560237.749090200290084, 1052578.157306594075635 ], [ 8560423.801031593233347, 1052578.157306594075635 ], [ 8560454.809688491746783, 1052578.157306594075635 ], [ 8560454.809688491746783, 1052671.183277290547267 ], [ 8560361.783717796206474, 1052671.183277290547267 ], [ 8560361.783717796206474, 1052888.243875582236797 ], [ 8560237.749090200290084, 1052888.243875582236797 ], [ 8560237.749090200290084, 1052981.269846278708428 ], [ 8560144.723119504749775, 1052981.269846278708428 ], [ 8560144.723119504749775, 1053074.29581697518006 ], [ 8560051.697148807346821, 1053074.29581697518006 ], [ 8560051.697148807346821, 1053291.35641526686959 ], [ 8560144.723119504749775, 1053291.35641526686959 ], [ 8560144.723119504749775, 1053167.321787671651691 ], [ 8560237.749090200290084, 1053167.321787671651691 ], [ 8560237.749090200290084, 1052981.269846278708428 ], [ 8560454.809688491746783, 1052981.269846278708428 ], [ 8560454.809688491746783, 1053074.29581697518006 ], [ 8560547.835659189149737, 1053074.29581697518006 ], [ 8560547.835659189149737, 1052888.243875582236797 ], [ 8560640.861629884690046, 1052888.243875582236797 ], [ 8560640.861629884690046, 1052764.209247987018898 ], [ 8560764.896257480606437, 1052764.209247987018898 ], [ 8560764.896257480606437, 1052671.183277290547267 ], [ 8560857.922228178009391, 1052671.183277290547267 ], [ 8560857.922228178009391, 1052578.157306594075635 ], [ 8561354.060738557949662, 1052578.157306594075635 ], [ 8561354.060738557949662, 1052454.122678998857737 ], [ 8561571.121336849406362, 1052454.122678998857737 ], [ 8561571.121336849406362, 1052361.096708302386105 ], [ 8561757.173278242349625, 1052361.096708302386105 ], [ 8561757.173278242349625, 1052268.070737605914474 ], [ 8561974.233876535668969, 1052268.070737605914474 ], [ 8561974.233876535668969, 1052175.044766909442842 ], [ 8562160.285817928612232, 1052175.044766909442842 ], [ 8562160.285817928612232, 1052051.010139314224944 ], [ 8562377.346416220068932, 1052051.010139314224944 ], [ 8562377.346416220068932, 1051957.984168617753312 ], [ 8562470.372386915609241, 1051957.984168617753312 ], [ 8562470.372386915609241, 1051864.95819792128168 ], [ 8562687.43298520706594, 1051864.95819792128168 ], [ 8562687.43298520706594, 1051771.932227224810049 ], [ 8562873.484926600009203, 1051771.932227224810049 ], [ 8562873.484926600009203, 1051647.89759962935932 ], [ 8563090.545524891465902, 1051647.89759962935932 ], [ 8563090.545524891465902, 1051554.871628932887688 ], [ 8563400.632093880325556, 1051554.871628932887688 ], [ 8563400.632093880325556, 1051461.845658236416057 ], [ 8563679.710005970671773, 1051461.845658236416057 ], [ 8563679.710005970671773, 1051554.871628932887688 ], [ 8563772.735976666212082, 1051554.871628932887688 ], [ 8563803.744633564725518, 1051554.871628932887688 ], [ 8563803.744633564725518, 1051647.89759962935932 ], [ 8563586.684035273268819, 1051647.89759962935932 ], [ 8563586.684035273268819, 1051771.932227224810049 ], [ 8563493.65806457772851, 1051771.932227224810049 ], [ 8563493.65806457772851, 1051864.95819792128168 ], [ 8563400.632093880325556, 1051864.95819792128168 ], [ 8563400.632093880325556, 1051957.984168617753312 ], [ 8563276.597466284409165, 1051957.984168617753312 ], [ 8563276.597466284409165, 1052051.010139314224944 ], [ 8563183.571495588868856, 1052051.010139314224944 ], [ 8563183.571495588868856, 1052175.044766909442842 ], [ 8563090.545524891465902, 1052175.044766909442842 ], [ 8563090.545524891465902, 1052268.070737605914474 ], [ 8562997.519554195925593, 1052268.070737605914474 ], [ 8562997.519554195925593, 1052361.096708302386105 ], [ 8562873.484926600009203, 1052361.096708302386105 ], [ 8562873.484926600009203, 1052671.183277290547267 ], [ 8562780.458955904468894, 1052671.183277290547267 ], [ 8562780.458955904468894, 1052888.243875582236797 ], [ 8562873.484926600009203, 1052888.243875582236797 ], [ 8562873.484926600009203, 1052671.183277290547267 ], [ 8562997.519554195925593, 1052671.183277290547267 ], [ 8562997.519554195925593, 1052578.157306594075635 ], [ 8563400.632093880325556, 1052578.157306594075635 ], [ 8563400.632093880325556, 1052671.183277290547267 ], [ 8563555.675378374755383, 1052671.183277290547267 ], [ 8563586.684035273268819, 1052671.183277290547267 ], [ 8563586.684035273268819, 1052764.209247987018898 ], [ 8563865.761947363615036, 1052764.209247987018898 ], [ 8563896.770604262128472, 1052764.209247987018898 ], [ 8563896.770604262128472, 1052888.243875582236797 ], [ 8564051.813888756558299, 1052888.243875582236797 ], [ 8564082.822545655071735, 1052888.243875582236797 ], [ 8564082.822545655071735, 1052981.269846278708428 ], [ 8564175.848516350612044, 1052981.269846278708428 ], [ 8564206.857173249125481, 1052981.269846278708428 ], [ 8564206.857173249125481, 1053167.321787671651691 ], [ 8564889.04762502387166, 1053167.321787671651691 ], [ 8564920.056281922385097, 1053167.321787671651691 ], [ 8564920.056281922385097, 1053787.494925647974014 ], [ 8564796.021654328331351, 1053787.494925647974014 ], [ 8564796.021654328331351, 1054500.6940343210008 ], [ 8564889.04762502387166, 1054500.6940343210008 ], [ 8564920.056281922385097, 1054500.6940343210008 ], [ 8564920.056281922385097, 1054593.720005017472431 ], [ 8565075.099566416814923, 1054593.720005017472431 ], [ 8565106.10822331532836, 1054593.720005017472431 ], [ 8565106.10822331532836, 1054686.745975713944063 ], [ 8565292.160164708271623, 1054686.745975713944063 ], [ 8565323.168821606785059, 1054686.745975713944063 ], [ 8565323.168821606785059, 1054810.780603309161961 ], [ 8565726.281361291185021, 1054810.780603309161961 ], [ 8565726.281361291185021, 1054686.745975713944063 ], [ 8565695.272704392671585, 1054686.745975713944063 ], [ 8565602.246733697131276, 1054686.745975713944063 ], [ 8565602.246733697131276, 1054593.720005017472431 ], [ 8565726.281361291185021, 1054593.720005017472431 ], [ 8565726.281361291185021, 1054500.6940343210008 ], [ 8565695.272704392671585, 1054500.6940343210008 ], [ 8565509.220762999728322, 1054500.6940343210008 ], [ 8565509.220762999728322, 1054407.668063624529168 ], [ 8565478.212106101214886, 1054407.668063624529168 ], [ 8565323.168821606785059, 1054407.668063624529168 ], [ 8565323.168821606785059, 1054097.581494636368006 ], [ 8565416.194792304188013, 1054097.581494636368006 ], [ 8565416.194792304188013, 1053973.546867040917277 ], [ 8565602.246733697131276, 1053973.546867040917277 ], [ 8565602.246733697131276, 1054407.668063624529168 ], [ 8565695.272704392671585, 1054407.668063624529168 ], [ 8565726.281361291185021, 1054407.668063624529168 ], [ 8565726.281361291185021, 1054500.6940343210008 ], [ 8565819.307331988587976, 1054500.6940343210008 ], [ 8565819.307331988587976, 1054407.668063624529168 ], [ 8565788.298675090074539, 1054407.668063624529168 ], [ 8565726.281361291185021, 1054407.668063624529168 ], [ 8565726.281361291185021, 1054283.63343602931127 ], [ 8566036.367930280044675, 1054283.63343602931127 ], [ 8566036.367930280044675, 1054190.607465332839638 ], [ 8566129.393900977447629, 1054190.607465332839638 ], [ 8566129.393900977447629, 1053973.546867040917277 ], [ 8566098.385244077071548, 1053973.546867040917277 ], [ 8566036.367930280044675, 1053973.546867040917277 ], [ 8566036.367930280044675, 1053570.434327356284484 ], [ 8566005.359273381531239, 1053570.434327356284484 ], [ 8565819.307331988587976, 1053570.434327356284484 ], [ 8565819.307331988587976, 1053384.382385963341221 ], [ 8565788.298675090074539, 1053384.382385963341221 ], [ 8565726.281361291185021, 1053384.382385963341221 ], [ 8565726.281361291185021, 1053291.35641526686959 ], [ 8566036.367930280044675, 1053291.35641526686959 ], [ 8566036.367930280044675, 1053074.29581697518006 ], [ 8566005.359273381531239, 1053074.29581697518006 ], [ 8565416.194792304188013, 1053074.29581697518006 ], [ 8565416.194792304188013, 1052981.269846278708428 ], [ 8565199.134194012731314, 1052981.269846278708428 ], [ 8565199.134194012731314, 1053074.29581697518006 ], [ 8565013.082252619788051, 1053074.29581697518006 ], [ 8565013.082252619788051, 1052981.269846278708428 ], [ 8564982.073595719411969, 1052981.269846278708428 ], [ 8564920.056281922385097, 1052981.269846278708428 ], [ 8564920.056281922385097, 1052764.209247987018898 ], [ 8564889.04762502387166, 1052764.209247987018898 ], [ 8564796.021654328331351, 1052764.209247987018898 ], [ 8564796.021654328331351, 1052578.157306594075635 ], [ 8565106.10822331532836, 1052578.157306594075635 ], [ 8565106.10822331532836, 1052454.122678998857737 ], [ 8565199.134194012731314, 1052454.122678998857737 ], [ 8565199.134194012731314, 1052268.070737605914474 ], [ 8565168.125537112355232, 1052268.070737605914474 ], [ 8565106.10822331532836, 1052268.070737605914474 ], [ 8565106.10822331532836, 1052175.044766909442842 ], [ 8565323.168821606785059, 1052175.044766909442842 ], [ 8565323.168821606785059, 1052268.070737605914474 ], [ 8565478.212106101214886, 1052268.070737605914474 ], [ 8565509.220762999728322, 1052268.070737605914474 ], [ 8565509.220762999728322, 1052361.096708302386105 ], [ 8565416.194792304188013, 1052361.096708302386105 ], [ 8565416.194792304188013, 1052454.122678998857737 ], [ 8565509.220762999728322, 1052454.122678998857737 ], [ 8565509.220762999728322, 1052361.096708302386105 ], [ 8565912.333302684128284, 1052361.096708302386105 ], [ 8565912.333302684128284, 1052454.122678998857737 ], [ 8566129.393900977447629, 1052454.122678998857737 ], [ 8566129.393900977447629, 1052361.096708302386105 ], [ 8566284.437185470014811, 1052361.096708302386105 ], [ 8566315.445842370390892, 1052361.096708302386105 ], [ 8566315.445842370390892, 1052454.122678998857737 ], [ 8566222.419871672987938, 1052454.122678998857737 ], [ 8566222.419871672987938, 1052671.183277290547267 ], [ 8566439.480469964444637, 1052671.183277290547267 ], [ 8566439.480469964444637, 1052454.122678998857737 ], [ 8566718.558382054790854, 1052454.122678998857737 ], [ 8566718.558382054790854, 1052578.157306594075635 ], [ 8566842.5930096488446, 1052578.157306594075635 ], [ 8566842.5930096488446, 1052454.122678998857737 ], [ 8566935.618980346247554, 1052454.122678998857737 ], [ 8566935.618980346247554, 1052175.044766909442842 ], [ 8566904.610323447734118, 1052175.044766909442842 ], [ 8566842.5930096488446, 1052175.044766909442842 ], [ 8566842.5930096488446, 1052051.010139314224944 ], [ 8566935.618980346247554, 1052051.010139314224944 ], [ 8566935.618980346247554, 1051957.984168617753312 ], [ 8567028.644951041787863, 1051957.984168617753312 ], [ 8567028.644951041787863, 1051864.95819792128168 ], [ 8567245.705549335107207, 1051864.95819792128168 ], [ 8567245.705549335107207, 1051771.932227224810049 ], [ 8567555.792118322104216, 1051771.932227224810049 ], [ 8567555.792118322104216, 1051647.89759962935932 ], [ 8567648.81808901950717, 1051647.89759962935932 ], [ 8567648.81808901950717, 1051554.871628932887688 ], [ 8567958.904658006504178, 1051554.871628932887688 ], [ 8567958.904658006504178, 1051368.819687540177256 ], [ 8568144.956599399447441, 1051368.819687540177256 ], [ 8568144.956599399447441, 1051244.785059944726527 ], [ 8568237.982570096850395, 1051244.785059944726527 ], [ 8568237.982570096850395, 1051151.759089248254895 ], [ 8568362.01719769090414, 1051151.759089248254895 ], [ 8568362.01719769090414, 1050934.698490956565365 ], [ 8568455.043168388307095, 1050934.698490956565365 ], [ 8568455.043168388307095, 1050841.672520260093734 ], [ 8568548.069139083847404, 1050841.672520260093734 ], [ 8568548.069139083847404, 1050748.646549563622102 ], [ 8568765.129737377166748, 1050748.646549563622102 ], [ 8568765.129737377166748, 1050438.559980575460941 ], [ 8568858.155708072707057, 1050438.559980575460941 ], [ 8568858.155708072707057, 1050345.534009878989309 ], [ 8568951.181678770110011, 1050345.534009878989309 ], [ 8568951.181678770110011, 1050438.559980575460941 ], [ 8569044.20764946565032, 1050438.559980575460941 ], [ 8569075.216306364163756, 1050438.559980575460941 ], [ 8569075.216306364163756, 1050531.585951271932572 ], [ 8569137.233620163053274, 1050531.585951271932572 ], [ 8569168.24227706156671, 1050531.585951271932572 ], [ 8569168.24227706156671, 1050748.646549563622102 ], [ 8569075.216306364163756, 1050748.646549563622102 ], [ 8569075.216306364163756, 1050841.672520260093734 ], [ 8568858.155708072707057, 1050841.672520260093734 ], [ 8568858.155708072707057, 1050934.698490956565365 ], [ 8568765.129737377166748, 1050934.698490956565365 ], [ 8568765.129737377166748, 1051151.759089248254895 ], [ 8568672.103766679763794, 1051151.759089248254895 ], [ 8568672.103766679763794, 1051244.785059944726527 ], [ 8568455.043168388307095, 1051244.785059944726527 ], [ 8568455.043168388307095, 1051368.819687540177256 ], [ 8568362.01719769090414, 1051368.819687540177256 ], [ 8568362.01719769090414, 1051461.845658236416057 ], [ 8568424.034511489793658, 1051461.845658236416057 ], [ 8568455.043168388307095, 1051461.845658236416057 ], [ 8568455.043168388307095, 1051554.871628932887688 ], [ 8568672.103766679763794, 1051554.871628932887688 ], [ 8568672.103766679763794, 1051461.845658236416057 ], [ 8569075.216306364163756, 1051461.845658236416057 ], [ 8569075.216306364163756, 1051151.759089248254895 ], [ 8569261.268247757107019, 1051151.759089248254895 ], [ 8569261.268247757107019, 1051058.733118551783264 ], [ 8569354.294218454509974, 1051058.733118551783264 ], [ 8569354.294218454509974, 1051151.759089248254895 ], [ 8569261.268247757107019, 1051151.759089248254895 ], [ 8569261.268247757107019, 1051461.845658236416057 ], [ 8569323.285561555996537, 1051461.845658236416057 ], [ 8569354.294218454509974, 1051461.845658236416057 ], [ 8569354.294218454509974, 1051554.871628932887688 ], [ 8569447.320189150050282, 1051554.871628932887688 ], [ 8569478.328846048563719, 1051554.871628932887688 ], [ 8569478.328846048563719, 1051647.89759962935932 ], [ 8569354.294218454509974, 1051647.89759962935932 ], [ 8569354.294218454509974, 1051864.95819792128168 ], [ 8569447.320189150050282, 1051864.95819792128168 ], [ 8569478.328846048563719, 1051864.95819792128168 ], [ 8569478.328846048563719, 1051957.984168617753312 ], [ 8569540.346159847453237, 1051957.984168617753312 ], [ 8569571.354816745966673, 1051957.984168617753312 ], [ 8569571.354816745966673, 1052175.044766909442842 ], [ 8569633.372130542993546, 1052175.044766909442842 ], [ 8569664.380787441506982, 1052175.044766909442842 ], [ 8569664.380787441506982, 1052361.096708302386105 ], [ 8569726.3981012403965, 1052361.096708302386105 ], [ 8569757.406758138909936, 1052361.096708302386105 ], [ 8569757.406758138909936, 1052454.122678998857737 ], [ 8569881.441385734826326, 1052454.122678998857737 ], [ 8569881.441385734826326, 1052361.096708302386105 ], [ 8569943.458699531853199, 1052361.096708302386105 ], [ 8569974.467356430366635, 1052361.096708302386105 ], [ 8569974.467356430366635, 1052671.183277290547267 ], [ 8570036.484670227393508, 1052671.183277290547267 ], [ 8570067.493327125906944, 1052671.183277290547267 ], [ 8570067.493327125906944, 1052764.209247987018898 ], [ 8570160.519297823309898, 1052764.209247987018898 ], [ 8570191.527954721823335, 1052764.209247987018898 ], [ 8570191.527954721823335, 1052981.269846278708428 ], [ 8570253.545268518850207, 1052981.269846278708428 ], [ 8570284.553925419226289, 1052981.269846278708428 ], [ 8570284.553925419226289, 1053384.382385963341221 ], [ 8570191.527954721823335, 1053384.382385963341221 ], [ 8570191.527954721823335, 1053477.408356659812853 ], [ 8569354.294218454509974, 1053477.408356659812853 ], [ 8569354.294218454509974, 1053570.434327356284484 ], [ 8569633.372130542993546, 1053570.434327356284484 ], [ 8569664.380787441506982, 1053570.434327356284484 ], [ 8569664.380787441506982, 1053880.520896344445646 ], [ 8569478.328846048563719, 1053880.520896344445646 ], [ 8569478.328846048563719, 1053973.546867040917277 ], [ 8569261.268247757107019, 1053973.546867040917277 ], [ 8569261.268247757107019, 1054097.581494636368006 ], [ 8568548.069139083847404, 1054097.581494636368006 ], [ 8568548.069139083847404, 1054190.607465332839638 ], [ 8568237.982570096850395, 1054190.607465332839638 ], [ 8568237.982570096850395, 1054283.63343602931127 ], [ 8568144.956599399447441, 1054283.63343602931127 ], [ 8568144.956599399447441, 1054407.668063624529168 ], [ 8568206.973913198336959, 1054407.668063624529168 ], [ 8568237.982570096850395, 1054407.668063624529168 ], [ 8568237.982570096850395, 1054593.720005017472431 ], [ 8568331.008540792390704, 1054593.720005017472431 ], [ 8568362.01719769090414, 1054593.720005017472431 ], [ 8568362.01719769090414, 1054686.745975713944063 ], [ 8568237.982570096850395, 1054686.745975713944063 ], [ 8568237.982570096850395, 1054810.780603309161961 ], [ 8568144.956599399447441, 1054810.780603309161961 ], [ 8568144.956599399447441, 1054903.806574005633593 ], [ 8567741.844059715047479, 1054903.806574005633593 ], [ 8567741.844059715047479, 1054810.780603309161961 ], [ 8567710.835402816534042, 1054810.780603309161961 ], [ 8567555.792118322104216, 1054810.780603309161961 ], [ 8567555.792118322104216, 1054686.745975713944063 ], [ 8567524.783461423590779, 1054686.745975713944063 ], [ 8567245.705549335107207, 1054686.745975713944063 ], [ 8567245.705549335107207, 1054593.720005017472431 ], [ 8567431.75749072805047, 1054593.720005017472431 ], [ 8567431.75749072805047, 1054407.668063624529168 ], [ 8567555.792118322104216, 1054407.668063624529168 ], [ 8567555.792118322104216, 1054190.607465332839638 ], [ 8567524.783461423590779, 1054190.607465332839638 ], [ 8567431.75749072805047, 1054190.607465332839638 ], [ 8567431.75749072805047, 1053880.520896344445646 ], [ 8567245.705549335107207, 1053880.520896344445646 ], [ 8567245.705549335107207, 1053973.546867040917277 ], [ 8567121.670921739190817, 1053973.546867040917277 ], [ 8567121.670921739190817, 1054097.581494636368006 ], [ 8566842.5930096488446, 1054097.581494636368006 ], [ 8566842.5930096488446, 1054190.607465332839638 ], [ 8566625.5324113573879, 1054190.607465332839638 ], [ 8566625.5324113573879, 1054283.63343602931127 ], [ 8566439.480469964444637, 1054283.63343602931127 ], [ 8566439.480469964444637, 1054190.607465332839638 ], [ 8566315.445842370390892, 1054190.607465332839638 ], [ 8566315.445842370390892, 1054283.63343602931127 ], [ 8566408.471813065931201, 1054283.63343602931127 ], [ 8566439.480469964444637, 1054283.63343602931127 ], [ 8566439.480469964444637, 1054407.668063624529168 ], [ 8566222.419871672987938, 1054407.668063624529168 ], [ 8566222.419871672987938, 1054500.6940343210008 ], [ 8566408.471813065931201, 1054500.6940343210008 ], [ 8566439.480469964444637, 1054500.6940343210008 ], [ 8566439.480469964444637, 1054593.720005017472431 ], [ 8566501.497783763334155, 1054593.720005017472431 ], [ 8566532.506440661847591, 1054593.720005017472431 ], [ 8566532.506440661847591, 1054810.780603309161961 ], [ 8566439.480469964444637, 1054810.780603309161961 ], [ 8566439.480469964444637, 1054996.832544702105224 ], [ 8566315.445842370390892, 1054996.832544702105224 ], [ 8566315.445842370390892, 1055089.858515398576856 ], [ 8565726.281361291185021, 1055089.858515398576856 ], [ 8565726.281361291185021, 1054996.832544702105224 ], [ 8565695.272704392671585, 1054996.832544702105224 ], [ 8565602.246733697131276, 1054996.832544702105224 ], [ 8565602.246733697131276, 1054903.806574005633593 ], [ 8565509.220762999728322, 1054903.806574005633593 ], [ 8565509.220762999728322, 1055089.858515398576856 ], [ 8565416.194792304188013, 1055089.858515398576856 ], [ 8565416.194792304188013, 1055213.893142993794754 ], [ 8565323.168821606785059, 1055213.893142993794754 ], [ 8565323.168821606785059, 1055306.919113690266386 ], [ 8565199.134194012731314, 1055306.919113690266386 ], [ 8565199.134194012731314, 1055213.893142993794754 ], [ 8565323.168821606785059, 1055213.893142993794754 ], [ 8565323.168821606785059, 1055089.858515398576856 ], [ 8565416.194792304188013, 1055089.858515398576856 ], [ 8565416.194792304188013, 1054996.832544702105224 ], [ 8565323.168821606785059, 1054996.832544702105224 ], [ 8565323.168821606785059, 1055089.858515398576856 ], [ 8565199.134194012731314, 1055089.858515398576856 ], [ 8565199.134194012731314, 1055213.893142993794754 ], [ 8565106.10822331532836, 1055213.893142993794754 ], [ 8565106.10822331532836, 1055306.919113690266386 ], [ 8565168.125537112355232, 1055306.919113690266386 ], [ 8565199.134194012731314, 1055306.919113690266386 ], [ 8565199.134194012731314, 1055399.945084386738017 ], [ 8565106.10822331532836, 1055399.945084386738017 ], [ 8565106.10822331532836, 1055710.031653374899179 ], [ 8565013.082252619788051, 1055710.031653374899179 ], [ 8565013.082252619788051, 1055803.05762407137081 ], [ 8564796.021654328331351, 1055803.05762407137081 ], [ 8564796.021654328331351, 1055710.031653374899179 ], [ 8564299.883143946528435, 1055710.031653374899179 ], [ 8564299.883143946528435, 1055803.05762407137081 ], [ 8564206.857173249125481, 1055803.05762407137081 ], [ 8564206.857173249125481, 1055399.945084386738017 ], [ 8564299.883143946528435, 1055399.945084386738017 ], [ 8564299.883143946528435, 1054996.832544702105224 ], [ 8564268.874487048014998, 1054996.832544702105224 ], [ 8564082.822545655071735, 1054996.832544702105224 ], [ 8564082.822545655071735, 1054903.806574005633593 ], [ 8563989.796574957668781, 1054903.806574005633593 ], [ 8563989.796574957668781, 1054996.832544702105224 ], [ 8563803.744633564725518, 1054996.832544702105224 ], [ 8563803.744633564725518, 1054903.806574005633593 ], [ 8563772.735976666212082, 1054903.806574005633593 ], [ 8563679.710005970671773, 1054903.806574005633593 ], [ 8563679.710005970671773, 1054810.780603309161961 ], [ 8563648.701349070295691, 1054810.780603309161961 ], [ 8563586.684035273268819, 1054810.780603309161961 ], [ 8563586.684035273268819, 1054686.745975713944063 ], [ 8563555.675378374755383, 1054686.745975713944063 ], [ 8563400.632093880325556, 1054686.745975713944063 ], [ 8563400.632093880325556, 1054593.720005017472431 ], [ 8562997.519554195925593, 1054593.720005017472431 ], [ 8562997.519554195925593, 1054686.745975713944063 ], [ 8562780.458955904468894, 1054686.745975713944063 ], [ 8562780.458955904468894, 1054407.668063624529168 ], [ 8562563.398357613012195, 1054407.668063624529168 ], [ 8562563.398357613012195, 1054500.6940343210008 ], [ 8562470.372386915609241, 1054500.6940343210008 ], [ 8562470.372386915609241, 1054593.720005017472431 ], [ 8562377.346416220068932, 1054593.720005017472431 ], [ 8562377.346416220068932, 1054996.832544702105224 ], [ 8561757.173278242349625, 1054996.832544702105224 ], [ 8561757.173278242349625, 1055089.858515398576856 ], [ 8561664.147307546809316, 1055089.858515398576856 ], [ 8561664.147307546809316, 1055213.893142993794754 ], [ 8561571.121336849406362, 1055213.893142993794754 ], [ 8561571.121336849406362, 1055306.919113690266386 ], [ 8561478.095366153866053, 1055306.919113690266386 ], [ 8561478.095366153866053, 1055399.945084386738017 ], [ 8561261.034767862409353, 1055399.945084386738017 ], [ 8561261.034767862409353, 1055492.971055083209649 ], [ 8561168.008797165006399, 1055492.971055083209649 ], [ 8561168.008797165006399, 1055927.092251666588709 ], [ 8560857.922228178009391, 1055927.092251666588709 ], [ 8560857.922228178009391, 1056020.11822236306034 ], [ 8560454.809688491746783, 1056020.11822236306034 ], [ 8560454.809688491746783, 1055927.092251666588709 ], [ 8560144.723119504749775, 1055927.092251666588709 ], [ 8560144.723119504749775, 1056020.11822236306034 ], [ 8560330.775060897693038, 1056020.11822236306034 ], [ 8560361.783717796206474, 1056020.11822236306034 ], [ 8560361.783717796206474, 1056113.144193059531972 ], [ 8560516.827002290636301, 1056113.144193059531972 ], [ 8560547.835659189149737, 1056113.144193059531972 ], [ 8560547.835659189149737, 1056206.170163756003603 ], [ 8560454.809688491746783, 1056206.170163756003603 ], [ 8560454.809688491746783, 1056330.204791351454332 ], [ 8560237.749090200290084, 1056330.204791351454332 ], [ 8560237.749090200290084, 1056423.230762047925964 ], [ 8560051.697148807346821, 1056423.230762047925964 ], [ 8560051.697148807346821, 1056516.256732744397596 ], [ 8559834.636550515890121, 1056516.256732744397596 ], [ 8559834.636550515890121, 1056826.343301732558757 ], [ 8559648.584609122946858, 1056826.343301732558757 ], [ 8559648.584609122946858, 1057043.403900024248287 ], [ 8559431.524010831490159, 1057043.403900024248287 ], [ 8559431.524010831490159, 1057136.429870720719919 ], [ 8559245.472069438546896, 1057136.429870720719919 ], [ 8559245.472069438546896, 1057229.45584141719155 ], [ 8559121.437441842630506, 1057229.45584141719155 ], [ 8559121.437441842630506, 1057446.51643970888108 ], [ 8558842.359529754146934, 1057446.51643970888108 ], [ 8558842.359529754146934, 1057632.568381101824343 ], [ 8559028.411471147090197, 1057632.568381101824343 ], [ 8559028.411471147090197, 1057539.542410405352712 ], [ 8559090.428784944117069, 1057539.542410405352712 ], [ 8559121.437441842630506, 1057539.542410405352712 ], [ 8559121.437441842630506, 1057725.594351798295975 ], [ 8559028.411471147090197, 1057725.594351798295975 ], [ 8559028.411471147090197, 1058035.680920786457136 ], [ 8559338.49804013594985, 1058035.680920786457136 ], [ 8559338.49804013594985, 1057942.654950089985505 ], [ 8559431.524010831490159, 1057942.654950089985505 ], [ 8559431.524010831490159, 1057849.628979393513873 ], [ 8559710.601922921836376, 1057849.628979393513873 ], [ 8559741.610579820349813, 1057849.628979393513873 ], [ 8559741.610579820349813, 1057942.654950089985505 ], [ 8559648.584609122946858, 1057942.654950089985505 ], [ 8559648.584609122946858, 1058128.706891482928768 ], [ 8559524.549981528893113, 1058128.706891482928768 ], [ 8559524.549981528893113, 1058252.741519078146666 ], [ 8559431.524010831490159, 1058252.741519078146666 ], [ 8559431.524010831490159, 1058345.767489774618298 ], [ 8559338.49804013594985, 1058345.767489774618298 ], [ 8559338.49804013594985, 1058438.793460471089929 ], [ 8559524.549981528893113, 1058438.793460471089929 ], [ 8559524.549981528893113, 1058345.767489774618298 ], [ 8559710.601922921836376, 1058345.767489774618298 ], [ 8559741.610579820349813, 1058345.767489774618298 ], [ 8559741.610579820349813, 1058438.793460471089929 ], [ 8559648.584609122946858, 1058438.793460471089929 ], [ 8559648.584609122946858, 1058655.85405876301229 ], [ 8559710.601922921836376, 1058655.85405876301229 ], [ 8559741.610579820349813, 1058655.85405876301229 ], [ 8559741.610579820349813, 1058748.880029459483922 ], [ 8559803.627893617376685, 1058748.880029459483922 ], [ 8559834.636550515890121, 1058748.880029459483922 ], [ 8559834.636550515890121, 1059151.992569144116715 ], [ 8559524.549981528893113, 1059151.992569144116715 ], [ 8559524.549981528893113, 1059058.966598447645083 ], [ 8559431.524010831490159, 1059058.966598447645083 ], [ 8559431.524010831490159, 1059151.992569144116715 ], [ 8556082.589065758511424, 1059151.992569144116715 ], [ 8556082.589065758511424, 1059058.966598447645083 ], [ 8556206.623693354427814, 1059058.966598447645083 ], [ 8556206.623693354427814, 1058965.940627751173452 ], [ 8556175.615036455914378, 1058965.940627751173452 ], [ 8556082.589065758511424, 1058965.940627751173452 ], [ 8556082.589065758511424, 1058841.906000155722722 ], [ 8556051.580408859997988, 1058841.906000155722722 ], [ 8555989.563095062971115, 1058841.906000155722722 ], [ 8555989.563095062971115, 1058748.880029459483922 ], [ 8555803.511153670027852, 1058748.880029459483922 ], [ 8555803.511153670027852, 1059058.966598447645083 ], [ 8555958.554438164457679, 1059058.966598447645083 ], [ 8555989.563095062971115, 1059058.966598447645083 ], [ 8555989.563095062971115, 1059151.992569144116715 ], [ 8554873.251446705311537, 1059151.992569144116715 ] ], [ [ 8561571.121336849406362, 1053384.382385963341221 ], [ 8561571.121336849406362, 1053291.35641526686959 ], [ 8561664.147307546809316, 1053291.35641526686959 ], [ 8561664.147307546809316, 1053384.382385963341221 ], [ 8561726.164621343836188, 1053384.382385963341221 ], [ 8561757.173278242349625, 1053384.382385963341221 ], [ 8561757.173278242349625, 1053477.408356659812853 ], [ 8561664.147307546809316, 1053477.408356659812853 ], [ 8561664.147307546809316, 1053384.382385963341221 ], [ 8561633.138650648295879, 1053384.382385963341221 ], [ 8561571.121336849406362, 1053384.382385963341221 ] ], [ [ 8566036.367930280044675, 1054593.720005017472431 ], [ 8566036.367930280044675, 1054500.6940343210008 ], [ 8565912.333302684128284, 1054500.6940343210008 ], [ 8565912.333302684128284, 1054810.780603309161961 ], [ 8566098.385244077071548, 1054810.780603309161961 ], [ 8566129.393900977447629, 1054810.780603309161961 ], [ 8566129.393900977447629, 1054903.806574005633593 ], [ 8566315.445842370390892, 1054903.806574005633593 ], [ 8566315.445842370390892, 1054686.745975713944063 ], [ 8566284.437185470014811, 1054686.745975713944063 ], [ 8566222.419871672987938, 1054686.745975713944063 ], [ 8566222.419871672987938, 1054810.780603309161961 ], [ 8566129.393900977447629, 1054810.780603309161961 ], [ 8566129.393900977447629, 1054593.720005017472431 ], [ 8566098.385244077071548, 1054593.720005017472431 ], [ 8566036.367930280044675, 1054593.720005017472431 ] ], [ [ 8568237.982570096850395, 1053694.468954951502383 ], [ 8568237.982570096850395, 1053570.434327356284484 ], [ 8568362.01719769090414, 1053570.434327356284484 ], [ 8568362.01719769090414, 1053477.408356659812853 ], [ 8568455.043168388307095, 1053477.408356659812853 ], [ 8568455.043168388307095, 1053570.434327356284484 ], [ 8568362.01719769090414, 1053570.434327356284484 ], [ 8568362.01719769090414, 1053694.468954951502383 ], [ 8568237.982570096850395, 1053694.468954951502383 ] ], [ [ 8562687.43298520706594, 1053694.468954951502383 ], [ 8562780.458955904468894, 1053694.468954951502383 ], [ 8562780.458955904468894, 1053570.434327356284484 ], [ 8562873.484926600009203, 1053570.434327356284484 ], [ 8562873.484926600009203, 1053477.408356659812853 ], [ 8562780.458955904468894, 1053477.408356659812853 ], [ 8562780.458955904468894, 1053570.434327356284484 ], [ 8562687.43298520706594, 1053570.434327356284484 ], [ 8562687.43298520706594, 1053694.468954951502383 ] ], [ [ 8568765.129737377166748, 1053694.468954951502383 ], [ 8569168.24227706156671, 1053694.468954951502383 ], [ 8569168.24227706156671, 1053570.434327356284484 ], [ 8568765.129737377166748, 1053570.434327356284484 ], [ 8568765.129737377166748, 1053694.468954951502383 ] ], [ [ 8554966.277417400851846, 1050655.620578867150471 ], [ 8554966.277417400851846, 1050531.585951271932572 ], [ 8555152.329358793795109, 1050531.585951271932572 ], [ 8555183.338015692308545, 1050531.585951271932572 ], [ 8555183.338015692308545, 1050841.672520260093734 ], [ 8554966.277417400851846, 1050841.672520260093734 ], [ 8554966.277417400851846, 1050748.646549563622102 ], [ 8555090.312044996768236, 1050748.646549563622102 ], [ 8555090.312044996768236, 1050655.620578867150471 ], [ 8555059.3033880982548, 1050655.620578867150471 ], [ 8554966.277417400851846, 1050655.620578867150471 ] ], [ [ 8567648.81808901950717, 1053570.434327356284484 ], [ 8567741.844059715047479, 1053570.434327356284484 ], [ 8567741.844059715047479, 1053477.408356659812853 ], [ 8567648.81808901950717, 1053477.408356659812853 ], [ 8567648.81808901950717, 1053570.434327356284484 ] ], [ [ 8556609.736233038827777, 1051771.932227224810049 ], [ 8556702.762203736230731, 1051771.932227224810049 ], [ 8556702.762203736230731, 1051554.871628932887688 ], [ 8556671.75354683585465, 1051554.871628932887688 ], [ 8556485.701605442911386, 1051554.871628932887688 ], [ 8556485.701605442911386, 1051647.89759962935932 ], [ 8556578.727576140314341, 1051647.89759962935932 ], [ 8556609.736233038827777, 1051647.89759962935932 ], [ 8556609.736233038827777, 1051771.932227224810049 ] ], [ [ 8562160.285817928612232, 1053694.468954951502383 ], [ 8562439.363730017095804, 1053694.468954951502383 ], [ 8562470.372386915609241, 1053694.468954951502383 ], [ 8562470.372386915609241, 1053787.494925647974014 ], [ 8562563.398357613012195, 1053787.494925647974014 ], [ 8562563.398357613012195, 1053694.468954951502383 ], [ 8562532.389700712636113, 1053694.468954951502383 ], [ 8562470.372386915609241, 1053694.468954951502383 ], [ 8562470.372386915609241, 1053570.434327356284484 ], [ 8562160.285817928612232, 1053570.434327356284484 ], [ 8562160.285817928612232, 1053694.468954951502383 ] ], [ [ 8567648.81808901950717, 1052268.070737605914474 ], [ 8567834.870030412450433, 1052268.070737605914474 ], [ 8567834.870030412450433, 1052051.010139314224944 ], [ 8567803.861373512074351, 1052051.010139314224944 ], [ 8567741.844059715047479, 1052051.010139314224944 ], [ 8567741.844059715047479, 1051957.984168617753312 ], [ 8567710.835402816534042, 1051957.984168617753312 ], [ 8567648.81808901950717, 1051957.984168617753312 ], [ 8567648.81808901950717, 1051771.932227224810049 ], [ 8567555.792118322104216, 1051771.932227224810049 ], [ 8567555.792118322104216, 1052175.044766909442842 ], [ 8567617.809432119131088, 1052175.044766909442842 ], [ 8567648.81808901950717, 1052175.044766909442842 ], [ 8567648.81808901950717, 1052268.070737605914474 ] ], [ [ 8566439.480469964444637, 1053973.546867040917277 ], [ 8566532.506440661847591, 1053973.546867040917277 ], [ 8566532.506440661847591, 1053880.520896344445646 ], [ 8566625.5324113573879, 1053880.520896344445646 ], [ 8566625.5324113573879, 1053787.494925647974014 ], [ 8566718.558382054790854, 1053787.494925647974014 ], [ 8566718.558382054790854, 1053570.434327356284484 ], [ 8566935.618980346247554, 1053570.434327356284484 ], [ 8566935.618980346247554, 1053477.408356659812853 ], [ 8567121.670921739190817, 1053477.408356659812853 ], [ 8567121.670921739190817, 1053384.382385963341221 ], [ 8567090.662264840677381, 1053384.382385963341221 ], [ 8567028.644951041787863, 1053384.382385963341221 ], [ 8567028.644951041787863, 1053167.321787671651691 ], [ 8566625.5324113573879, 1053167.321787671651691 ], [ 8566625.5324113573879, 1053291.35641526686959 ], [ 8566439.480469964444637, 1053291.35641526686959 ], [ 8566439.480469964444637, 1053384.382385963341221 ], [ 8566315.445842370390892, 1053384.382385963341221 ], [ 8566315.445842370390892, 1053291.35641526686959 ], [ 8566036.367930280044675, 1053291.35641526686959 ], [ 8566036.367930280044675, 1053384.382385963341221 ], [ 8566284.437185470014811, 1053384.382385963341221 ], [ 8566315.445842370390892, 1053384.382385963341221 ], [ 8566315.445842370390892, 1053570.434327356284484 ], [ 8566501.497783763334155, 1053570.434327356284484 ], [ 8566532.506440661847591, 1053570.434327356284484 ], [ 8566532.506440661847591, 1053880.520896344445646 ], [ 8566439.480469964444637, 1053880.520896344445646 ], [ 8566439.480469964444637, 1053973.546867040917277 ] ], [ [ 8557602.013253800570965, 1055927.092251666588709 ], [ 8557602.013253800570965, 1055803.05762407137081 ], [ 8558005.125793484970927, 1055803.05762407137081 ], [ 8558005.125793484970927, 1055927.092251666588709 ], [ 8558098.151764182373881, 1055927.092251666588709 ], [ 8558129.160421080887318, 1055927.092251666588709 ], [ 8558129.160421080887318, 1056020.11822236306034 ], [ 8558191.17773487791419, 1056020.11822236306034 ], [ 8558222.186391778290272, 1056020.11822236306034 ], [ 8558222.186391778290272, 1056113.144193059531972 ], [ 8558129.160421080887318, 1056113.144193059531972 ], [ 8558129.160421080887318, 1056206.170163756003603 ], [ 8557912.099822789430618, 1056206.170163756003603 ], [ 8557912.099822789430618, 1056330.204791351454332 ], [ 8557819.073852092027664, 1056330.204791351454332 ], [ 8557819.073852092027664, 1056423.230762047925964 ], [ 8557726.047881396487355, 1056423.230762047925964 ], [ 8557726.047881396487355, 1056516.256732744397596 ], [ 8557415.961312407627702, 1056516.256732744397596 ], [ 8557415.961312407627702, 1056609.282703440636396 ], [ 8557322.935341712087393, 1056609.282703440636396 ], [ 8557322.935341712087393, 1056826.343301732558757 ], [ 8557384.952655509114265, 1056826.343301732558757 ], [ 8557415.961312407627702, 1056826.343301732558757 ], [ 8557415.961312407627702, 1056919.369272429030389 ], [ 8557198.900714116171002, 1056919.369272429030389 ], [ 8557198.900714116171002, 1057136.429870720719919 ], [ 8557012.848772723227739, 1057136.429870720719919 ], [ 8557012.848772723227739, 1057446.51643970888108 ], [ 8557322.935341712087393, 1057446.51643970888108 ], [ 8557322.935341712087393, 1057322.481812113663182 ], [ 8557788.065195193514228, 1057322.481812113663182 ], [ 8557819.073852092027664, 1057322.481812113663182 ], [ 8557819.073852092027664, 1057632.568381101824343 ], [ 8557105.874743420630693, 1057632.568381101824343 ], [ 8557105.874743420630693, 1057725.594351798295975 ], [ 8556919.82280202768743, 1057725.594351798295975 ], [ 8556919.82280202768743, 1057446.51643970888108 ], [ 8556888.814145129173994, 1057446.51643970888108 ], [ 8556795.78817443177104, 1057446.51643970888108 ], [ 8556795.78817443177104, 1057229.45584141719155 ], [ 8556764.779517533257604, 1057229.45584141719155 ], [ 8556702.762203736230731, 1057229.45584141719155 ], [ 8556702.762203736230731, 1057136.429870720719919 ], [ 8556795.78817443177104, 1057136.429870720719919 ], [ 8556795.78817443177104, 1056919.369272429030389 ], [ 8556764.779517533257604, 1056919.369272429030389 ], [ 8556702.762203736230731, 1056919.369272429030389 ], [ 8556702.762203736230731, 1056826.343301732558757 ], [ 8556795.78817443177104, 1056826.343301732558757 ], [ 8556795.78817443177104, 1056919.369272429030389 ], [ 8556919.82280202768743, 1056919.369272429030389 ], [ 8556919.82280202768743, 1056733.317331036087126 ], [ 8557012.848772723227739, 1056733.317331036087126 ], [ 8557012.848772723227739, 1056423.230762047925964 ], [ 8557105.874743420630693, 1056423.230762047925964 ], [ 8557105.874743420630693, 1056516.256732744397596 ], [ 8557198.900714116171002, 1056516.256732744397596 ], [ 8557198.900714116171002, 1056423.230762047925964 ], [ 8557322.935341712087393, 1056423.230762047925964 ], [ 8557322.935341712087393, 1056330.204791351454332 ], [ 8557415.961312407627702, 1056330.204791351454332 ], [ 8557415.961312407627702, 1056113.144193059531972 ], [ 8557384.952655509114265, 1056113.144193059531972 ], [ 8557322.935341712087393, 1056113.144193059531972 ], [ 8557322.935341712087393, 1056206.170163756003603 ], [ 8557198.900714116171002, 1056206.170163756003603 ], [ 8557198.900714116171002, 1056020.11822236306034 ], [ 8557415.961312407627702, 1056020.11822236306034 ], [ 8557415.961312407627702, 1056113.144193059531972 ], [ 8557726.047881396487355, 1056113.144193059531972 ], [ 8557726.047881396487355, 1056020.11822236306034 ], [ 8557819.073852092027664, 1056020.11822236306034 ], [ 8557819.073852092027664, 1055927.092251666588709 ], [ 8557788.065195193514228, 1055927.092251666588709 ], [ 8557602.013253800570965, 1055927.092251666588709 ] ], [ [ 8561881.207905838266015, 1053694.468954951502383 ], [ 8561881.207905838266015, 1053570.434327356284484 ], [ 8561974.233876535668969, 1053570.434327356284484 ], [ 8561974.233876535668969, 1053694.468954951502383 ], [ 8561881.207905838266015, 1053694.468954951502383 ] ], [ [ 8556082.589065758511424, 1058841.906000155722722 ], [ 8556082.589065758511424, 1058655.85405876301229 ], [ 8556051.580408859997988, 1058655.85405876301229 ], [ 8555989.563095062971115, 1058655.85405876301229 ], [ 8555989.563095062971115, 1058562.828088066540658 ], [ 8555958.554438164457679, 1058562.828088066540658 ], [ 8555896.537124365568161, 1058562.828088066540658 ], [ 8555896.537124365568161, 1058438.793460471089929 ], [ 8556051.580408859997988, 1058438.793460471089929 ], [ 8556082.589065758511424, 1058438.793460471089929 ], [ 8556082.589065758511424, 1058655.85405876301229 ], [ 8556206.623693354427814, 1058655.85405876301229 ], [ 8556206.623693354427814, 1058562.828088066540658 ], [ 8556299.649664049968123, 1058562.828088066540658 ], [ 8556299.649664049968123, 1058438.793460471089929 ], [ 8556268.641007151454687, 1058438.793460471089929 ], [ 8556206.623693354427814, 1058438.793460471089929 ], [ 8556206.623693354427814, 1058345.767489774618298 ], [ 8556175.615036455914378, 1058345.767489774618298 ], [ 8556082.589065758511424, 1058345.767489774618298 ], [ 8556082.589065758511424, 1058252.741519078146666 ], [ 8556206.623693354427814, 1058252.741519078146666 ], [ 8556206.623693354427814, 1058128.706891482928768 ], [ 8556299.649664049968123, 1058128.706891482928768 ], [ 8556299.649664049968123, 1058035.680920786457136 ], [ 8556268.641007151454687, 1058035.680920786457136 ], [ 8556206.623693354427814, 1058035.680920786457136 ], [ 8556206.623693354427814, 1057942.654950089985505 ], [ 8556175.615036455914378, 1057942.654950089985505 ], [ 8555989.563095062971115, 1057942.654950089985505 ], [ 8555989.563095062971115, 1057849.628979393513873 ], [ 8556082.589065758511424, 1057849.628979393513873 ], [ 8556082.589065758511424, 1057632.568381101824343 ], [ 8556051.580408859997988, 1057632.568381101824343 ], [ 8555989.563095062971115, 1057632.568381101824343 ], [ 8555989.563095062971115, 1057446.51643970888108 ], [ 8555958.554438164457679, 1057446.51643970888108 ], [ 8555896.537124365568161, 1057446.51643970888108 ], [ 8555896.537124365568161, 1057322.481812113663182 ], [ 8555989.563095062971115, 1057322.481812113663182 ], [ 8555989.563095062971115, 1057229.45584141719155 ], [ 8556082.589065758511424, 1057229.45584141719155 ], [ 8556082.589065758511424, 1057136.429870720719919 ], [ 8556206.623693354427814, 1057136.429870720719919 ], [ 8556206.623693354427814, 1057043.403900024248287 ], [ 8556299.649664049968123, 1057043.403900024248287 ], [ 8556299.649664049968123, 1057229.45584141719155 ], [ 8556206.623693354427814, 1057229.45584141719155 ], [ 8556206.623693354427814, 1057322.481812113663182 ], [ 8555989.563095062971115, 1057322.481812113663182 ], [ 8555989.563095062971115, 1057446.51643970888108 ], [ 8556051.580408859997988, 1057446.51643970888108 ], [ 8556082.589065758511424, 1057446.51643970888108 ], [ 8556082.589065758511424, 1057539.542410405352712 ], [ 8556175.615036455914378, 1057539.542410405352712 ], [ 8556206.623693354427814, 1057539.542410405352712 ], [ 8556206.623693354427814, 1057849.628979393513873 ], [ 8556268.641007151454687, 1057849.628979393513873 ], [ 8556299.649664049968123, 1057849.628979393513873 ], [ 8556299.649664049968123, 1057942.654950089985505 ], [ 8556361.666977848857641, 1057942.654950089985505 ], [ 8556392.675634747371078, 1057942.654950089985505 ], [ 8556392.675634747371078, 1058128.706891482928768 ], [ 8556299.649664049968123, 1058128.706891482928768 ], [ 8556299.649664049968123, 1058345.767489774618298 ], [ 8556392.675634747371078, 1058345.767489774618298 ], [ 8556392.675634747371078, 1058252.741519078146666 ], [ 8556578.727576140314341, 1058252.741519078146666 ], [ 8556609.736233038827777, 1058252.741519078146666 ], [ 8556609.736233038827777, 1058438.793460471089929 ], [ 8556485.701605442911386, 1058438.793460471089929 ], [ 8556485.701605442911386, 1058655.85405876301229 ], [ 8556299.649664049968123, 1058655.85405876301229 ], [ 8556299.649664049968123, 1058841.906000155722722 ], [ 8556082.589065758511424, 1058841.906000155722722 ] ], [ [ 8569168.24227706156671, 1050531.585951271932572 ], [ 8569261.268247757107019, 1050531.585951271932572 ], [ 8569261.268247757107019, 1050252.508039182517678 ], [ 8569168.24227706156671, 1050252.508039182517678 ], [ 8569168.24227706156671, 1050531.585951271932572 ] ], [ [ 8562997.519554195925593, 1053477.408356659812853 ], [ 8562997.519554195925593, 1053291.35641526686959 ], [ 8563090.545524891465902, 1053291.35641526686959 ], [ 8563090.545524891465902, 1053477.408356659812853 ], [ 8562997.519554195925593, 1053477.408356659812853 ] ], [ [ 8558129.160421080887318, 1056423.230762047925964 ], [ 8558129.160421080887318, 1056330.204791351454332 ], [ 8558222.186391778290272, 1056330.204791351454332 ], [ 8558222.186391778290272, 1056423.230762047925964 ], [ 8558284.203705575317144, 1056423.230762047925964 ], [ 8558315.212362473830581, 1056423.230762047925964 ], [ 8558315.212362473830581, 1056516.256732744397596 ], [ 8558222.186391778290272, 1056516.256732744397596 ], [ 8558222.186391778290272, 1056423.230762047925964 ], [ 8558191.17773487791419, 1056423.230762047925964 ], [ 8558129.160421080887318, 1056423.230762047925964 ] ], [ [ 8558842.359529754146934, 1056516.256732744397596 ], [ 8558842.359529754146934, 1056423.230762047925964 ], [ 8558718.324902158230543, 1056423.230762047925964 ], [ 8558718.324902158230543, 1056516.256732744397596 ], [ 8558625.298931462690234, 1056516.256732744397596 ], [ 8558625.298931462690234, 1056609.282703440636396 ], [ 8558532.27296076528728, 1056609.282703440636396 ], [ 8558532.27296076528728, 1056516.256732744397596 ], [ 8558625.298931462690234, 1056516.256732744397596 ], [ 8558625.298931462690234, 1056423.230762047925964 ], [ 8558718.324902158230543, 1056423.230762047925964 ], [ 8558718.324902158230543, 1056330.204791351454332 ], [ 8558842.359529754146934, 1056330.204791351454332 ], [ 8558842.359529754146934, 1056206.170163756003603 ], [ 8559121.437441842630506, 1056206.170163756003603 ], [ 8559121.437441842630506, 1056113.144193059531972 ], [ 8559431.524010831490159, 1056113.144193059531972 ], [ 8559431.524010831490159, 1056020.11822236306034 ], [ 8559524.549981528893113, 1056020.11822236306034 ], [ 8559524.549981528893113, 1055927.092251666588709 ], [ 8559834.636550515890121, 1055927.092251666588709 ], [ 8559834.636550515890121, 1056020.11822236306034 ], [ 8559524.549981528893113, 1056020.11822236306034 ], [ 8559524.549981528893113, 1056206.170163756003603 ], [ 8559617.575952224433422, 1056206.170163756003603 ], [ 8559648.584609122946858, 1056206.170163756003603 ], [ 8559648.584609122946858, 1056330.204791351454332 ], [ 8559524.549981528893113, 1056330.204791351454332 ], [ 8559524.549981528893113, 1056516.256732744397596 ], [ 8559338.49804013594985, 1056516.256732744397596 ], [ 8559338.49804013594985, 1056609.282703440636396 ], [ 8559400.515353932976723, 1056609.282703440636396 ], [ 8559431.524010831490159, 1056609.282703440636396 ], [ 8559431.524010831490159, 1056826.343301732558757 ], [ 8559338.49804013594985, 1056826.343301732558757 ], [ 8559338.49804013594985, 1056919.369272429030389 ], [ 8559121.437441842630506, 1056919.369272429030389 ], [ 8559121.437441842630506, 1056826.343301732558757 ], [ 8559090.428784944117069, 1056826.343301732558757 ], [ 8558935.385500449687243, 1056826.343301732558757 ], [ 8558935.385500449687243, 1056516.256732744397596 ], [ 8558904.376843551173806, 1056516.256732744397596 ], [ 8558842.359529754146934, 1056516.256732744397596 ] ], [ [ 8567834.870030412450433, 1053694.468954951502383 ], [ 8567958.904658006504178, 1053694.468954951502383 ], [ 8567958.904658006504178, 1053570.434327356284484 ], [ 8567834.870030412450433, 1053570.434327356284484 ], [ 8567834.870030412450433, 1053694.468954951502383 ] ], [ [ 8562873.484926600009203, 1053074.29581697518006 ], [ 8562997.519554195925593, 1053074.29581697518006 ], [ 8562997.519554195925593, 1052981.269846278708428 ], [ 8562873.484926600009203, 1052981.269846278708428 ], [ 8562873.484926600009203, 1053074.29581697518006 ] ], [ [ 8558439.246990069746971, 1056826.343301732558757 ], [ 8558501.264303866773844, 1056826.343301732558757 ], [ 8558532.27296076528728, 1056826.343301732558757 ], [ 8558532.27296076528728, 1057043.403900024248287 ], [ 8558625.298931462690234, 1057043.403900024248287 ], [ 8558625.298931462690234, 1056826.343301732558757 ], [ 8558594.290274564176798, 1056826.343301732558757 ], [ 8558532.27296076528728, 1056826.343301732558757 ], [ 8558532.27296076528728, 1056733.317331036087126 ], [ 8558439.246990069746971, 1056733.317331036087126 ], [ 8558439.246990069746971, 1056826.343301732558757 ] ], [ [ 8555989.563095062971115, 1051864.95819792128168 ], [ 8555989.563095062971115, 1051647.89759962935932 ], [ 8556082.589065758511424, 1051647.89759962935932 ], [ 8556082.589065758511424, 1051554.871628932887688 ], [ 8556206.623693354427814, 1051554.871628932887688 ], [ 8556206.623693354427814, 1051647.89759962935932 ], [ 8556361.666977848857641, 1051647.89759962935932 ], [ 8556392.675634747371078, 1051647.89759962935932 ], [ 8556392.675634747371078, 1051771.932227224810049 ], [ 8556082.589065758511424, 1051771.932227224810049 ], [ 8556082.589065758511424, 1051864.95819792128168 ], [ 8555989.563095062971115, 1051864.95819792128168 ] ], [ [ 8559741.610579820349813, 1057849.628979393513873 ], [ 8559741.610579820349813, 1057725.594351798295975 ], [ 8559958.671178111806512, 1057725.594351798295975 ], [ 8559958.671178111806512, 1057849.628979393513873 ], [ 8559741.610579820349813, 1057849.628979393513873 ] ], [ [ 8560051.697148807346821, 1056020.11822236306034 ], [ 8560113.714462606236339, 1056020.11822236306034 ], [ 8560144.723119504749775, 1056020.11822236306034 ], [ 8560144.723119504749775, 1056113.144193059531972 ], [ 8560051.697148807346821, 1056113.144193059531972 ], [ 8560051.697148807346821, 1056020.11822236306034 ], [ 8560020.688491908833385, 1056020.11822236306034 ], [ 8559958.671178111806512, 1056020.11822236306034 ], [ 8559958.671178111806512, 1055927.092251666588709 ], [ 8560051.697148807346821, 1055927.092251666588709 ], [ 8560051.697148807346821, 1056020.11822236306034 ] ], [ [ 8568672.103766679763794, 1053477.408356659812853 ], [ 8568672.103766679763794, 1053384.382385963341221 ], [ 8568765.129737377166748, 1053384.382385963341221 ], [ 8568765.129737377166748, 1053477.408356659812853 ], [ 8568672.103766679763794, 1053477.408356659812853 ] ], [ [ 8568051.930628703907132, 1053787.494925647974014 ], [ 8568144.956599399447441, 1053787.494925647974014 ], [ 8568144.956599399447441, 1053694.468954951502383 ], [ 8568051.930628703907132, 1053694.468954951502383 ], [ 8568051.930628703907132, 1053787.494925647974014 ] ], [ [ 8566935.618980346247554, 1053880.520896344445646 ], [ 8567028.644951041787863, 1053880.520896344445646 ], [ 8567028.644951041787863, 1053787.494925647974014 ], [ 8567121.670921739190817, 1053787.494925647974014 ], [ 8567121.670921739190817, 1053694.468954951502383 ], [ 8567338.731520030647516, 1053694.468954951502383 ], [ 8567338.731520030647516, 1053570.434327356284484 ], [ 8567121.670921739190817, 1053570.434327356284484 ], [ 8567121.670921739190817, 1053694.468954951502383 ], [ 8566935.618980346247554, 1053694.468954951502383 ], [ 8566935.618980346247554, 1053880.520896344445646 ] ], [ [ 8556919.82280202768743, 1058128.706891482928768 ], [ 8557012.848772723227739, 1058128.706891482928768 ], [ 8557012.848772723227739, 1058035.680920786457136 ], [ 8556919.82280202768743, 1058035.680920786457136 ], [ 8556919.82280202768743, 1058128.706891482928768 ] ], [ [ 8556702.762203736230731, 1058128.706891482928768 ], [ 8556888.814145129173994, 1058128.706891482928768 ], [ 8556919.82280202768743, 1058128.706891482928768 ], [ 8556919.82280202768743, 1058252.741519078146666 ], [ 8556795.78817443177104, 1058252.741519078146666 ], [ 8556795.78817443177104, 1058345.767489774618298 ], [ 8556702.762203736230731, 1058345.767489774618298 ], [ 8556702.762203736230731, 1058252.741519078146666 ], [ 8556671.75354683585465, 1058252.741519078146666 ], [ 8556609.736233038827777, 1058252.741519078146666 ], [ 8556609.736233038827777, 1058035.680920786457136 ], [ 8556702.762203736230731, 1058035.680920786457136 ], [ 8556702.762203736230731, 1058128.706891482928768 ] ], [ [ 8566315.445842370390892, 1052361.096708302386105 ], [ 8566315.445842370390892, 1052268.070737605914474 ], [ 8566439.480469964444637, 1052268.070737605914474 ], [ 8566439.480469964444637, 1052361.096708302386105 ], [ 8566315.445842370390892, 1052361.096708302386105 ] ], [ [ 8559741.610579820349813, 1058345.767489774618298 ], [ 8559741.610579820349813, 1058252.741519078146666 ], [ 8559834.636550515890121, 1058252.741519078146666 ], [ 8559834.636550515890121, 1058345.767489774618298 ], [ 8559741.610579820349813, 1058345.767489774618298 ] ], [ [ 8556485.701605442911386, 1057136.429870720719919 ], [ 8556609.736233038827777, 1057136.429870720719919 ], [ 8556609.736233038827777, 1057043.403900024248287 ], [ 8556485.701605442911386, 1057043.403900024248287 ], [ 8556485.701605442911386, 1057136.429870720719919 ] ] ] } },
{ "type": "Feature", "properties": { "DN": 10 }, "geometry": { "type": "Polygon", "coordinates": [ [ [ 8587494.358504263684154, 1049539.308930509723723 ], [ 8587494.358504263684154, 1049415.274302914272994 ], [ 8587711.419102555140853, 1049415.274302914272994 ], [ 8587711.419102555140853, 1049322.248332217801362 ], [ 8587897.471043948084116, 1049322.248332217801362 ], [ 8587897.471043948084116, 1049539.308930509723723 ], [ 8587494.358504263684154, 1049539.308930509723723 ] ] ] } },
{ "type": "Feature", "properties": { "DN": 10 }, "geometry": { "type": "Polygon", "coordinates": [ [ [ 8556206.623693354427814, 1046376.425926829921082 ], [ 8556206.623693354427814, 1046283.39995613344945 ], [ 8556299.649664049968123, 1046283.39995613344945 ], [ 8556299.649664049968123, 1046376.425926829921082 ], [ 8556206.623693354427814, 1046376.425926829921082 ] ] ] } },
{ "type": "Feature", "properties": { "DN": 10 }, "geometry": { "type": "Polygon", "coordinates": [ [ [ 8554780.225476007908583, 1043864.724718025536276 ], [ 8554780.225476007908583, 1043771.698747329064645 ], [ 8554966.277417400851846, 1043771.698747329064645 ], [ 8554966.277417400851846, 1043864.724718025536276 ], [ 8554780.225476007908583, 1043864.724718025536276 ] ] ] } },
{ "type": "Feature", "properties": { "DN": 10 }, "geometry": { "type": "Polygon", "coordinates": [ [ [ 8554780.225476007908583, 1042841.43904036434833 ], [ 8554780.225476007908583, 1042345.300529983243905 ], [ 8554873.251446705311537, 1042345.300529983243905 ], [ 8554873.251446705311537, 1042252.274559286772273 ], [ 8554842.2427898067981, 1042252.274559286772273 ], [ 8554780.225476007908583, 1042252.274559286772273 ], [ 8554780.225476007908583, 1041818.153362703276798 ], [ 8554873.251446705311537, 1041818.153362703276798 ], [ 8554873.251446705311537, 1041942.187990298611112 ], [ 8554935.268760502338409, 1041942.187990298611112 ], [ 8554966.277417400851846, 1041942.187990298611112 ], [ 8554966.277417400851846, 1042252.274559286772273 ], [ 8555059.3033880982548, 1042252.274559286772273 ], [ 8555090.312044996768236, 1042252.274559286772273 ], [ 8555090.312044996768236, 1042345.300529983243905 ], [ 8554966.277417400851846, 1042345.300529983243905 ], [ 8554966.277417400851846, 1042531.352471376187168 ], [ 8555245.355329491198063, 1042531.352471376187168 ], [ 8555276.363986389711499, 1042531.352471376187168 ], [ 8555276.363986389711499, 1042655.387098971521482 ], [ 8555090.312044996768236, 1042655.387098971521482 ], [ 8555090.312044996768236, 1042748.413069667993113 ], [ 8554966.277417400851846, 1042748.413069667993113 ], [ 8554966.277417400851846, 1042841.43904036434833 ], [ 8554780.225476007908583, 1042841.43904036434833 ] ], [ [ 8555090.312044996768236, 1042252.274559286772273 ], [ 8555276.363986389711499, 1042252.274559286772273 ], [ 8555276.363986389711499, 1042128.239931691554375 ], [ 8555400.39861398562789, 1042128.239931691554375 ], [ 8555400.39861398562789, 1042035.213960995082743 ], [ 8555493.424584681168199, 1042035.213960995082743 ], [ 8555493.424584681168199, 1041942.187990298611112 ], [ 8555400.39861398562789, 1041942.187990298611112 ], [ 8555400.39861398562789, 1042035.213960995082743 ], [ 8555276.363986389711499, 1042035.213960995082743 ], [ 8555276.363986389711499, 1042128.239931691554375 ], [ 8555090.312044996768236, 1042128.239931691554375 ], [ 8555090.312044996768236, 1042252.274559286772273 ] ] ] } },
{ "type": "Feature", "properties": { "DN": 10 }, "geometry": { "type": "Polygon", "coordinates": [ [ [ 8555090.312044996768236, 1041818.153362703276798 ], [ 8555090.312044996768236, 1041725.127392006805167 ], [ 8555183.338015692308545, 1041725.127392006805167 ], [ 8555183.338015692308545, 1041818.153362703276798 ], [ 8555090.312044996768236, 1041818.153362703276798 ] ] ] } },
{ "type": "Feature", "properties": { "DN": 10 }, "geometry": { "type": "Polygon", "coordinates": [ [ [ 8561043.974169570952654, 1042252.274559286772273 ], [ 8561043.974169570952654, 1042128.239931691554375 ], [ 8561012.965512670576572, 1042128.239931691554375 ], [ 8560950.9481988735497, 1042128.239931691554375 ], [ 8560950.9481988735497, 1042035.213960995082743 ], [ 8561261.034767862409353, 1042035.213960995082743 ], [ 8561261.034767862409353, 1041818.153362703276798 ], [ 8561230.026110963895917, 1041818.153362703276798 ], [ 8561043.974169570952654, 1041818.153362703276798 ], [ 8561043.974169570952654, 1041942.187990298611112 ], [ 8560950.9481988735497, 1041942.187990298611112 ], [ 8560950.9481988735497, 1041818.153362703276798 ], [ 8560764.896257480606437, 1041818.153362703276798 ], [ 8560764.896257480606437, 1041942.187990298611112 ], [ 8560640.861629884690046, 1041942.187990298611112 ], [ 8560640.861629884690046, 1042035.213960995082743 ], [ 8560547.835659189149737, 1042035.213960995082743 ], [ 8560547.835659189149737, 1041942.187990298611112 ], [ 8560640.861629884690046, 1041942.187990298611112 ], [ 8560640.861629884690046, 1041818.153362703276798 ], [ 8560764.896257480606437, 1041818.153362703276798 ], [ 8560764.896257480606437, 1041725.127392006805167 ], [ 8560857.922228178009391, 1041725.127392006805167 ], [ 8560857.922228178009391, 1041632.10142131044995 ], [ 8561168.008797165006399, 1041632.10142131044995 ], [ 8561168.008797165006399, 1041725.127392006805167 ], [ 8561230.026110963895917, 1041725.127392006805167 ], [ 8561261.034767862409353, 1041725.127392006805167 ], [ 8561261.034767862409353, 1041818.153362703276798 ], [ 8561447.086709255352616, 1041818.153362703276798 ], [ 8561478.095366153866053, 1041818.153362703276798 ], [ 8561478.095366153866053, 1042035.213960995082743 ], [ 8561354.060738557949662, 1042035.213960995082743 ], [ 8561354.060738557949662, 1042252.274559286772273 ], [ 8561043.974169570952654, 1042252.274559286772273 ] ], [ [ 8560764.896257480606437, 1042035.213960995082743 ], [ 8560764.896257480606437, 1041942.187990298611112 ], [ 8560857.922228178009391, 1041942.187990298611112 ], [ 8560857.922228178009391, 1042035.213960995082743 ], [ 8560764.896257480606437, 1042035.213960995082743 ] ] ] } },
{ "type": "Feature", "properties": { "DN": 10 }, "geometry": { "type": "Polygon", "coordinates": [ [ [ 8560144.723119504749775, 1040019.651262571685947 ], [ 8560144.723119504749775, 1039895.616634976468049 ], [ 8560361.783717796206474, 1039895.616634976468049 ], [ 8560361.783717796206474, 1039802.590664279996417 ], [ 8560330.775060897693038, 1039802.590664279996417 ], [ 8560237.749090200290084, 1039802.590664279996417 ], [ 8560237.749090200290084, 1039709.564693583524786 ], [ 8560361.783717796206474, 1039709.564693583524786 ], [ 8560361.783717796206474, 1039616.538722887053154 ], [ 8560423.801031593233347, 1039616.538722887053154 ], [ 8560454.809688491746783, 1039616.538722887053154 ], [ 8560454.809688491746783, 1040019.651262571685947 ], [ 8560144.723119504749775, 1040019.651262571685947 ] ] ] } },
{ "type": "Feature", "properties": { "DN": 10 }, "geometry": { "type": "Polygon", "coordinates": [ [ [ 8560857.922228178009391, 1040019.651262571685947 ], [ 8560857.922228178009391, 1039802.590664279996417 ], [ 8560826.913571277633309, 1039802.590664279996417 ], [ 8560764.896257480606437, 1039802.590664279996417 ], [ 8560764.896257480606437, 1039895.616634976468049 ], [ 8560547.835659189149737, 1039895.616634976468049 ], [ 8560547.835659189149737, 1039616.538722887053154 ], [ 8560640.861629884690046, 1039616.538722887053154 ], [ 8560640.861629884690046, 1039709.564693583524786 ], [ 8560764.896257480606437, 1039709.564693583524786 ], [ 8560764.896257480606437, 1039616.538722887053154 ], [ 8561261.034767862409353, 1039616.538722887053154 ], [ 8561261.034767862409353, 1039492.504095291718841 ], [ 8561571.121336849406362, 1039492.504095291718841 ], [ 8561571.121336849406362, 1039399.478124595363624 ], [ 8561664.147307546809316, 1039399.478124595363624 ], [ 8561664.147307546809316, 1039306.452153898891993 ], [ 8561757.173278242349625, 1039306.452153898891993 ], [ 8561757.173278242349625, 1039182.417526303557679 ], [ 8561881.207905838266015, 1039182.417526303557679 ], [ 8561881.207905838266015, 1039306.452153898891993 ], [ 8561943.225219635292888, 1039306.452153898891993 ], [ 8561974.233876535668969, 1039306.452153898891993 ], [ 8561974.233876535668969, 1039492.504095291718841 ], [ 8562253.311788624152541, 1039492.504095291718841 ], [ 8562284.320445522665977, 1039492.504095291718841 ], [ 8562284.320445522665977, 1039802.590664279996417 ], [ 8562160.285817928612232, 1039802.590664279996417 ], [ 8562160.285817928612232, 1039895.616634976468049 ], [ 8562067.259847231209278, 1039895.616634976468049 ], [ 8562067.259847231209278, 1040019.651262571685947 ], [ 8561881.207905838266015, 1040019.651262571685947 ], [ 8561881.207905838266015, 1039895.616634976468049 ], [ 8561757.173278242349625, 1039895.616634976468049 ], [ 8561757.173278242349625, 1040019.651262571685947 ], [ 8561664.147307546809316, 1040019.651262571685947 ], [ 8561664.147307546809316, 1039709.564693583524786 ], [ 8561478.095366153866053, 1039709.564693583524786 ], [ 8561478.095366153866053, 1039895.616634976468049 ], [ 8561261.034767862409353, 1039895.616634976468049 ], [ 8561261.034767862409353, 1040019.651262571685947 ], [ 8561043.974169570952654, 1040019.651262571685947 ], [ 8561043.974169570952654, 1039895.616634976468049 ], [ 8561168.008797165006399, 1039895.616634976468049 ], [ 8561168.008797165006399, 1039802.590664279996417 ], [ 8561261.034767862409353, 1039802.590664279996417 ], [ 8561261.034767862409353, 1039709.564693583524786 ], [ 8561168.008797165006399, 1039709.564693583524786 ], [ 8561168.008797165006399, 1039802.590664279996417 ], [ 8561043.974169570952654, 1039802.590664279996417 ], [ 8561043.974169570952654, 1039895.616634976468049 ], [ 8560950.9481988735497, 1039895.616634976468049 ], [ 8560950.9481988735497, 1040019.651262571685947 ], [ 8560857.922228178009391, 1040019.651262571685947 ] ] ] } },
{ "type": "Feature", "properties": { "DN": 10 }, "geometry": { "type": "Polygon", "coordinates": [ [ [ 8557602.013253800570965, 1051151.759089248254895 ], [ 8557602.013253800570965, 1050748.646549563622102 ], [ 8557571.004596902057528, 1050748.646549563622102 ], [ 8557415.961312407627702, 1050748.646549563622102 ], [ 8557415.961312407627702, 1050655.620578867150471 ], [ 8557384.952655509114265, 1050655.620578867150471 ], [ 8557012.848772723227739, 1050655.620578867150471 ], [ 8557012.848772723227739, 1050531.585951271932572 ], [ 8556795.78817443177104, 1050531.585951271932572 ], [ 8556795.78817443177104, 1050655.620578867150471 ], [ 8556392.675634747371078, 1050655.620578867150471 ], [ 8556392.675634747371078, 1050531.585951271932572 ], [ 8556609.736233038827777, 1050531.585951271932572 ], [ 8556609.736233038827777, 1050438.559980575460941 ], [ 8556702.762203736230731, 1050438.559980575460941 ], [ 8556702.762203736230731, 1050345.534009878989309 ], [ 8556671.75354683585465, 1050345.534009878989309 ], [ 8556609.736233038827777, 1050345.534009878989309 ], [ 8556609.736233038827777, 1050252.508039182517678 ], [ 8556299.649664049968123, 1050252.508039182517678 ], [ 8556299.649664049968123, 1050345.534009878989309 ], [ 8556206.623693354427814, 1050345.534009878989309 ], [ 8556206.623693354427814, 1050438.559980575460941 ], [ 8556082.589065758511424, 1050438.559980575460941 ], [ 8556082.589065758511424, 1050345.534009878989309 ], [ 8555989.563095062971115, 1050345.534009878989309 ], [ 8555989.563095062971115, 1050438.559980575460941 ], [ 8555896.537124365568161, 1050438.559980575460941 ], [ 8555896.537124365568161, 1050345.534009878989309 ], [ 8555865.528467467054725, 1050345.534009878989309 ], [ 8555803.511153670027852, 1050345.534009878989309 ], [ 8555803.511153670027852, 1050128.473411587299779 ], [ 8555896.537124365568161, 1050128.473411587299779 ], [ 8555896.537124365568161, 1049849.395499497884884 ], [ 8555865.528467467054725, 1049849.395499497884884 ], [ 8555803.511153670027852, 1049849.395499497884884 ], [ 8555803.511153670027852, 1049725.360871902666986 ], [ 8555772.502496771514416, 1049725.360871902666986 ], [ 8555679.476526074111462, 1049725.360871902666986 ], [ 8555679.476526074111462, 1049632.334901206195354 ], [ 8555493.424584681168199, 1049632.334901206195354 ], [ 8555493.424584681168199, 1049725.360871902666986 ], [ 8555183.338015692308545, 1049725.360871902666986 ], [ 8555183.338015692308545, 1049229.222361521562561 ], [ 8555679.476526074111462, 1049229.222361521562561 ], [ 8555679.476526074111462, 1048826.109821836696938 ], [ 8555648.467869175598025, 1048826.109821836696938 ], [ 8555493.424584681168199, 1048826.109821836696938 ], [ 8555493.424584681168199, 1049012.161763229640201 ], [ 8555276.363986389711499, 1049012.161763229640201 ], [ 8555276.363986389711499, 1049136.19639082509093 ], [ 8555183.338015692308545, 1049136.19639082509093 ], [ 8555183.338015692308545, 1049012.161763229640201 ], [ 8555152.329358793795109, 1049012.161763229640201 ], [ 8554966.277417400851846, 1049012.161763229640201 ], [ 8554966.277417400851846, 1048919.135792533168569 ], [ 8554873.251446705311537, 1048919.135792533168569 ], [ 8554873.251446705311537, 1049012.161763229640201 ], [ 8554935.268760502338409, 1049012.161763229640201 ], [ 8554966.277417400851846, 1049012.161763229640201 ], [ 8554966.277417400851846, 1049136.19639082509093 ], [ 8554873.251446705311537, 1049136.19639082509093 ], [ 8554873.251446705311537, 1049012.161763229640201 ], [ 8554842.2427898067981, 1049012.161763229640201 ], [ 8554780.225476007908583, 1049012.161763229640201 ], [ 8554780.225476007908583, 1048205.936683860374615 ], [ 8554873.251446705311537, 1048205.936683860374615 ], [ 8554873.251446705311537, 1048329.971311455592513 ], [ 8554966.277417400851846, 1048329.971311455592513 ], [ 8554966.277417400851846, 1048205.936683860374615 ], [ 8555059.3033880982548, 1048205.936683860374615 ], [ 8555090.312044996768236, 1048205.936683860374615 ], [ 8555090.312044996768236, 1048516.023252848535776 ], [ 8555152.329358793795109, 1048516.023252848535776 ], [ 8555183.338015692308545, 1048516.023252848535776 ], [ 8555183.338015692308545, 1048609.049223545007408 ], [ 8555090.312044996768236, 1048609.049223545007408 ], [ 8555090.312044996768236, 1048733.083851140225306 ], [ 8555276.363986389711499, 1048733.083851140225306 ], [ 8555276.363986389711499, 1048609.049223545007408 ], [ 8555400.39861398562789, 1048609.049223545007408 ], [ 8555400.39861398562789, 1048422.997282152064145 ], [ 8555679.476526074111462, 1048422.997282152064145 ], [ 8555679.476526074111462, 1048329.971311455592513 ], [ 8555803.511153670027852, 1048329.971311455592513 ], [ 8555803.511153670027852, 1048422.997282152064145 ], [ 8555865.528467467054725, 1048422.997282152064145 ], [ 8555896.537124365568161, 1048422.997282152064145 ], [ 8555896.537124365568161, 1048516.023252848535776 ], [ 8555803.511153670027852, 1048516.023252848535776 ], [ 8555803.511153670027852, 1048733.083851140225306 ], [ 8555679.476526074111462, 1048733.083851140225306 ], [ 8555679.476526074111462, 1048826.109821836696938 ], [ 8555803.511153670027852, 1048826.109821836696938 ], [ 8555803.511153670027852, 1048733.083851140225306 ], [ 8555896.537124365568161, 1048733.083851140225306 ], [ 8555896.537124365568161, 1048609.049223545007408 ], [ 8555989.563095062971115, 1048609.049223545007408 ], [ 8555989.563095062971115, 1048826.109821836696938 ], [ 8556082.589065758511424, 1048826.109821836696938 ], [ 8556082.589065758511424, 1048609.049223545007408 ], [ 8556206.623693354427814, 1048609.049223545007408 ], [ 8556206.623693354427814, 1048516.023252848535776 ], [ 8556299.649664049968123, 1048516.023252848535776 ], [ 8556299.649664049968123, 1048329.971311455592513 ], [ 8556268.641007151454687, 1048329.971311455592513 ], [ 8555989.563095062971115, 1048329.971311455592513 ], [ 8555989.563095062971115, 1048112.910713163902983 ], [ 8555958.554438164457679, 1048112.910713163902983 ], [ 8555896.537124365568161, 1048112.910713163902983 ], [ 8555896.537124365568161, 1048019.884742467431352 ], [ 8555989.563095062971115, 1048019.884742467431352 ], [ 8555989.563095062971115, 1047895.850114872213453 ], [ 8555958.554438164457679, 1047895.850114872213453 ], [ 8555896.537124365568161, 1047895.850114872213453 ], [ 8555896.537124365568161, 1047709.79817347927019 ], [ 8555865.528467467054725, 1047709.79817347927019 ], [ 8555803.511153670027852, 1047709.79817347927019 ], [ 8555803.511153670027852, 1047492.737575187464245 ], [ 8555772.502496771514416, 1047492.737575187464245 ], [ 8555586.450555378571153, 1047492.737575187464245 ], [ 8555586.450555378571153, 1047399.711604490992613 ], [ 8555276.363986389711499, 1047399.711604490992613 ], [ 8555276.363986389711499, 1047616.772202782798558 ], [ 8555400.39861398562789, 1047616.772202782798558 ], [ 8555400.39861398562789, 1047492.737575187464245 ], [ 8555493.424584681168199, 1047492.737575187464245 ], [ 8555493.424584681168199, 1047616.772202782798558 ], [ 8555648.467869175598025, 1047616.772202782798558 ], [ 8555679.476526074111462, 1047616.772202782798558 ], [ 8555679.476526074111462, 1047709.79817347927019 ], [ 8555586.450555378571153, 1047709.79817347927019 ], [ 8555586.450555378571153, 1047802.824144175741822 ], [ 8555772.502496771514416, 1047802.824144175741822 ], [ 8555803.511153670027852, 1047802.824144175741822 ], [ 8555803.511153670027852, 1048019.884742467431352 ], [ 8555586.450555378571153, 1048019.884742467431352 ], [ 8555586.450555378571153, 1048112.910713163902983 ], [ 8555400.39861398562789, 1048112.910713163902983 ], [ 8555400.39861398562789, 1048329.971311455592513 ], [ 8555276.363986389711499, 1048329.971311455592513 ], [ 8555276.363986389711499, 1048112.910713163902983 ], [ 8555245.355329491198063, 1048112.910713163902983 ], [ 8554873.251446705311537, 1048112.910713163902983 ], [ 8554873.251446705311537, 1048019.884742467431352 ], [ 8554842.2427898067981, 1048019.884742467431352 ], [ 8554780.225476007908583, 1048019.884742467431352 ], [ 8554780.225476007908583, 1047399.711604490992613 ], [ 8555090.312044996768236, 1047399.711604490992613 ], [ 8555090.312044996768236, 1047492.737575187464245 ], [ 8555183.338015692308545, 1047492.737575187464245 ], [ 8555183.338015692308545, 1047306.685633794520982 ], [ 8555400.39861398562789, 1047306.685633794520982 ], [ 8555400.39861398562789, 1047213.659663098165765 ], [ 8555493.424584681168199, 1047213.659663098165765 ], [ 8555493.424584681168199, 1047089.625035502831452 ], [ 8555586.450555378571153, 1047089.625035502831452 ], [ 8555586.450555378571153, 1046996.59906480635982 ], [ 8555803.511153670027852, 1046996.59906480635982 ], [ 8555803.511153670027852, 1047089.625035502831452 ], [ 8555989.563095062971115, 1047089.625035502831452 ], [ 8555989.563095062971115, 1046996.59906480635982 ], [ 8556082.589065758511424, 1046996.59906480635982 ], [ 8556082.589065758511424, 1046810.547123413416557 ], [ 8556392.675634747371078, 1046810.547123413416557 ], [ 8556392.675634747371078, 1046903.573094109888189 ], [ 8556485.701605442911386, 1046903.573094109888189 ], [ 8556485.701605442911386, 1046810.547123413416557 ], [ 8556702.762203736230731, 1046810.547123413416557 ], [ 8556702.762203736230731, 1046686.512495818198659 ], [ 8557012.848772723227739, 1046686.512495818198659 ], [ 8557012.848772723227739, 1046593.486525121727027 ], [ 8557105.874743420630693, 1046593.486525121727027 ], [ 8557105.874743420630693, 1046686.512495818198659 ], [ 8557198.900714116171002, 1046686.512495818198659 ], [ 8557198.900714116171002, 1046593.486525121727027 ], [ 8557291.926684813573956, 1046593.486525121727027 ], [ 8557322.935341712087393, 1046593.486525121727027 ], [ 8557322.935341712087393, 1046810.547123413416557 ], [ 8557508.987283105030656, 1046810.547123413416557 ], [ 8557508.987283105030656, 1046593.486525121727027 ], [ 8557602.013253800570965, 1046593.486525121727027 ], [ 8557602.013253800570965, 1046686.512495818198659 ], [ 8557819.073852092027664, 1046686.512495818198659 ], [ 8557819.073852092027664, 1046500.460554425255395 ], [ 8557788.065195193514228, 1046500.460554425255395 ], [ 8557726.047881396487355, 1046500.460554425255395 ], [ 8557726.047881396487355, 1046376.425926829921082 ], [ 8557695.039224497973919, 1046376.425926829921082 ], [ 8557602.013253800570965, 1046376.425926829921082 ], [ 8557602.013253800570965, 1046097.348014740622602 ], [ 8557571.004596902057528, 1046097.348014740622602 ], [ 8557322.935341712087393, 1046097.348014740622602 ], [ 8557322.935341712087393, 1045880.287416448816657 ], [ 8557198.900714116171002, 1045880.287416448816657 ], [ 8557198.900714116171002, 1045973.313387145288289 ], [ 8557105.874743420630693, 1045973.313387145288289 ], [ 8557105.874743420630693, 1046097.348014740622602 ], [ 8556795.78817443177104, 1046097.348014740622602 ], [ 8556795.78817443177104, 1046190.373985436977819 ], [ 8556888.814145129173994, 1046190.373985436977819 ], [ 8556919.82280202768743, 1046190.373985436977819 ], [ 8556919.82280202768743, 1046283.39995613344945 ], [ 8556702.762203736230731, 1046283.39995613344945 ], [ 8556702.762203736230731, 1046376.425926829921082 ], [ 8556392.675634747371078, 1046376.425926829921082 ], [ 8556392.675634747371078, 1046283.39995613344945 ], [ 8556485.701605442911386, 1046283.39995613344945 ], [ 8556485.701605442911386, 1046190.373985436977819 ], [ 8556454.69294854439795, 1046190.373985436977819 ], [ 8556206.623693354427814, 1046190.373985436977819 ], [ 8556206.623693354427814, 1045973.313387145288289 ], [ 8556082.589065758511424, 1045973.313387145288289 ], [ 8556082.589065758511424, 1046097.348014740622602 ], [ 8555989.563095062971115, 1046097.348014740622602 ], [ 8555989.563095062971115, 1046190.373985436977819 ], [ 8555586.450555378571153, 1046190.373985436977819 ], [ 8555586.450555378571153, 1046097.348014740622602 ], [ 8555679.476526074111462, 1046097.348014740622602 ], [ 8555679.476526074111462, 1045973.313387145288289 ], [ 8555493.424584681168199, 1045973.313387145288289 ], [ 8555493.424584681168199, 1046097.348014740622602 ], [ 8555400.39861398562789, 1046097.348014740622602 ], [ 8555400.39861398562789, 1046190.373985436977819 ], [ 8555276.363986389711499, 1046190.373985436977819 ], [ 8555276.363986389711499, 1046376.425926829921082 ], [ 8555183.338015692308545, 1046376.425926829921082 ], [ 8555183.338015692308545, 1046500.460554425255395 ], [ 8555276.363986389711499, 1046500.460554425255395 ], [ 8555276.363986389711499, 1046376.425926829921082 ], [ 8555462.415927782654762, 1046376.425926829921082 ], [ 8555493.424584681168199, 1046376.425926829921082 ], [ 8555493.424584681168199, 1046500.460554425255395 ], [ 8555400.39861398562789, 1046500.460554425255395 ], [ 8555400.39861398562789, 1046593.486525121727027 ], [ 8555276.363986389711499, 1046593.486525121727027 ], [ 8555276.363986389711499, 1046686.512495818198659 ], [ 8555493.424584681168199, 1046686.512495818198659 ], [ 8555493.424584681168199, 1046593.486525121727027 ], [ 8555586.450555378571153, 1046593.486525121727027 ], [ 8555586.450555378571153, 1046500.460554425255395 ], [ 8555679.476526074111462, 1046500.460554425255395 ], [ 8555679.476526074111462, 1046376.425926829921082 ], [ 8555803.511153670027852, 1046376.425926829921082 ], [ 8555803.511153670027852, 1046283.39995613344945 ], [ 8555989.563095062971115, 1046283.39995613344945 ], [ 8555989.563095062971115, 1046376.425926829921082 ], [ 8556051.580408859997988, 1046376.425926829921082 ], [ 8556082.589065758511424, 1046376.425926829921082 ], [ 8556082.589065758511424, 1046500.460554425255395 ], [ 8555989.563095062971115, 1046500.460554425255395 ], [ 8555989.563095062971115, 1046593.486525121727027 ], [ 8555896.537124365568161, 1046593.486525121727027 ], [ 8555896.537124365568161, 1046686.512495818198659 ], [ 8555803.511153670027852, 1046686.512495818198659 ], [ 8555803.511153670027852, 1046903.573094109888189 ], [ 8555400.39861398562789, 1046903.573094109888189 ], [ 8555400.39861398562789, 1046810.547123413416557 ], [ 8555183.338015692308545, 1046810.547123413416557 ], [ 8555183.338015692308545, 1046903.573094109888189 ], [ 8554873.251446705311537, 1046903.573094109888189 ], [ 8554873.251446705311537, 1046810.547123413416557 ], [ 8554842.2427898067981, 1046810.547123413416557 ], [ 8554780.225476007908583, 1046810.547123413416557 ], [ 8554780.225476007908583, 1046500.460554425255395 ], [ 8554873.251446705311537, 1046500.460554425255395 ], [ 8554873.251446705311537, 1046593.486525121727027 ], [ 8554935.268760502338409, 1046593.486525121727027 ], [ 8554966.277417400851846, 1046593.486525121727027 ], [ 8554966.277417400851846, 1046686.512495818198659 ], [ 8555183.338015692308545, 1046686.512495818198659 ], [ 8555183.338015692308545, 1046593.486525121727027 ], [ 8555152.329358793795109, 1046593.486525121727027 ], [ 8555090.312044996768236, 1046593.486525121727027 ], [ 8555090.312044996768236, 1046500.460554425255395 ], [ 8555059.3033880982548, 1046500.460554425255395 ], [ 8554966.277417400851846, 1046500.460554425255395 ], [ 8554966.277417400851846, 1046376.425926829921082 ], [ 8555183.338015692308545, 1046376.425926829921082 ], [ 8555183.338015692308545, 1046190.373985436977819 ], [ 8555152.329358793795109, 1046190.373985436977819 ], [ 8554966.277417400851846, 1046190.373985436977819 ], [ 8554966.277417400851846, 1046097.348014740622602 ], [ 8554873.251446705311537, 1046097.348014740622602 ], [ 8554873.251446705311537, 1046283.39995613344945 ], [ 8554780.225476007908583, 1046283.39995613344945 ], [ 8554780.225476007908583, 1044174.811287013697438 ], [ 8554966.277417400851846, 1044174.811287013697438 ], [ 8554966.277417400851846, 1044267.837257710169069 ], [ 8555152.329358793795109, 1044267.837257710169069 ], [ 8555183.338015692308545, 1044267.837257710169069 ], [ 8555183.338015692308545, 1044360.863228406640701 ], [ 8555400.39861398562789, 1044360.863228406640701 ], [ 8555400.39861398562789, 1044267.837257710169069 ], [ 8555369.389957085251808, 1044267.837257710169069 ], [ 8555276.363986389711499, 1044267.837257710169069 ], [ 8555276.363986389711499, 1044174.811287013697438 ], [ 8555493.424584681168199, 1044174.811287013697438 ], [ 8555493.424584681168199, 1043957.750688721891493 ], [ 8555586.450555378571153, 1043957.750688721891493 ], [ 8555586.450555378571153, 1043864.724718025536276 ], [ 8555679.476526074111462, 1043864.724718025536276 ], [ 8555679.476526074111462, 1043647.664119733730331 ], [ 8555989.563095062971115, 1043647.664119733730331 ], [ 8555989.563095062971115, 1043461.612178340787068 ], [ 8556082.589065758511424, 1043461.612178340787068 ], [ 8556082.589065758511424, 1043554.6381490372587 ], [ 8556206.623693354427814, 1043554.6381490372587 ], [ 8556206.623693354427814, 1043461.612178340787068 ], [ 8556299.649664049968123, 1043461.612178340787068 ], [ 8556299.649664049968123, 1043337.57755074556917 ], [ 8556392.675634747371078, 1043337.57755074556917 ], [ 8556392.675634747371078, 1043461.612178340787068 ], [ 8556485.701605442911386, 1043461.612178340787068 ], [ 8556485.701605442911386, 1043337.57755074556917 ], [ 8556609.736233038827777, 1043337.57755074556917 ], [ 8556609.736233038827777, 1043244.551580049097538 ], [ 8556578.727576140314341, 1043244.551580049097538 ], [ 8556485.701605442911386, 1043244.551580049097538 ], [ 8556485.701605442911386, 1043151.525609352625906 ], [ 8556919.82280202768743, 1043151.525609352625906 ], [ 8556919.82280202768743, 1043058.499638656154275 ], [ 8556888.814145129173994, 1043058.499638656154275 ], [ 8556795.78817443177104, 1043058.499638656154275 ], [ 8556795.78817443177104, 1042934.465011060819961 ], [ 8556919.82280202768743, 1042934.465011060819961 ], [ 8556919.82280202768743, 1042841.43904036434833 ], [ 8556888.814145129173994, 1042841.43904036434833 ], [ 8556795.78817443177104, 1042841.43904036434833 ], [ 8556795.78817443177104, 1042748.413069667993113 ], [ 8556919.82280202768743, 1042748.413069667993113 ], [ 8556919.82280202768743, 1042655.387098971521482 ], [ 8556888.814145129173994, 1042655.387098971521482 ], [ 8556609.736233038827777, 1042655.387098971521482 ], [ 8556609.736233038827777, 1042438.326500679715537 ], [ 8556795.78817443177104, 1042438.326500679715537 ], [ 8556795.78817443177104, 1042345.300529983243905 ], [ 8557012.848772723227739, 1042345.300529983243905 ], [ 8557012.848772723227739, 1042252.274559286772273 ], [ 8557105.874743420630693, 1042252.274559286772273 ], [ 8557105.874743420630693, 1042035.213960995082743 ], [ 8557198.900714116171002, 1042035.213960995082743 ], [ 8557198.900714116171002, 1041632.10142131044995 ], [ 8557415.961312407627702, 1041632.10142131044995 ], [ 8557415.961312407627702, 1041539.075450613978319 ], [ 8557819.073852092027664, 1041539.075450613978319 ], [ 8557819.073852092027664, 1041632.10142131044995 ], [ 8557881.091165890917182, 1041632.10142131044995 ], [ 8557912.099822789430618, 1041632.10142131044995 ], [ 8557912.099822789430618, 1041818.153362703276798 ], [ 8557974.117136586457491, 1041818.153362703276798 ], [ 8558005.125793484970927, 1041818.153362703276798 ], [ 8558005.125793484970927, 1041942.187990298611112 ], [ 8557819.073852092027664, 1041942.187990298611112 ], [ 8557819.073852092027664, 1042252.274559286772273 ], [ 8557881.091165890917182, 1042252.274559286772273 ], [ 8557912.099822789430618, 1042252.274559286772273 ], [ 8557912.099822789430618, 1042748.413069667993113 ], [ 8557974.117136586457491, 1042748.413069667993113 ], [ 8558005.125793484970927, 1042748.413069667993113 ], [ 8558005.125793484970927, 1042934.465011060819961 ], [ 8557912.099822789430618, 1042934.465011060819961 ], [ 8557912.099822789430618, 1043058.499638656154275 ], [ 8558129.160421080887318, 1043058.499638656154275 ], [ 8558129.160421080887318, 1042934.465011060819961 ], [ 8558625.298931462690234, 1042934.465011060819961 ], [ 8558625.298931462690234, 1042841.43904036434833 ], [ 8558718.324902158230543, 1042841.43904036434833 ], [ 8558718.324902158230543, 1042934.465011060819961 ], [ 8559090.428784944117069, 1042934.465011060819961 ], [ 8559121.437441842630506, 1042934.465011060819961 ], [ 8559121.437441842630506, 1043058.499638656154275 ], [ 8559214.46341254003346, 1043058.499638656154275 ], [ 8559245.472069438546896, 1043058.499638656154275 ], [ 8559245.472069438546896, 1043151.525609352625906 ], [ 8559400.515353932976723, 1043151.525609352625906 ], [ 8559431.524010831490159, 1043151.525609352625906 ], [ 8559431.524010831490159, 1043244.551580049097538 ], [ 8559741.610579820349813, 1043244.551580049097538 ], [ 8559741.610579820349813, 1043151.525609352625906 ], [ 8559710.601922921836376, 1043151.525609352625906 ], [ 8559431.524010831490159, 1043151.525609352625906 ], [ 8559431.524010831490159, 1043058.499638656154275 ], [ 8559741.610579820349813, 1043058.499638656154275 ], [ 8559741.610579820349813, 1043151.525609352625906 ], [ 8559958.671178111806512, 1043151.525609352625906 ], [ 8559958.671178111806512, 1043058.499638656154275 ], [ 8559927.662521213293076, 1043058.499638656154275 ], [ 8559834.636550515890121, 1043058.499638656154275 ], [ 8559834.636550515890121, 1042748.413069667993113 ], [ 8559958.671178111806512, 1042748.413069667993113 ], [ 8559958.671178111806512, 1042655.387098971521482 ], [ 8559927.662521213293076, 1042655.387098971521482 ], [ 8559741.610579820349813, 1042655.387098971521482 ], [ 8559741.610579820349813, 1042531.352471376187168 ], [ 8559834.636550515890121, 1042531.352471376187168 ], [ 8559834.636550515890121, 1042438.326500679715537 ], [ 8559803.627893617376685, 1042438.326500679715537 ], [ 8559741.610579820349813, 1042438.326500679715537 ], [ 8559741.610579820349813, 1042345.300529983243905 ], [ 8559834.636550515890121, 1042345.300529983243905 ], [ 8559834.636550515890121, 1042252.274559286772273 ], [ 8560051.697148807346821, 1042252.274559286772273 ], [ 8560051.697148807346821, 1041942.187990298611112 ], [ 8560237.749090200290084, 1041942.187990298611112 ], [ 8560237.749090200290084, 1042035.213960995082743 ], [ 8560330.775060897693038, 1042035.213960995082743 ], [ 8560361.783717796206474, 1042035.213960995082743 ], [ 8560361.783717796206474, 1042128.239931691554375 ], [ 8560237.749090200290084, 1042128.239931691554375 ], [ 8560237.749090200290084, 1042252.274559286772273 ], [ 8560423.801031593233347, 1042252.274559286772273 ], [ 8560454.809688491746783, 1042252.274559286772273 ], [ 8560454.809688491746783, 1042655.387098971521482 ], [ 8560516.827002290636301, 1042655.387098971521482 ], [ 8560547.835659189149737, 1042655.387098971521482 ], [ 8560547.835659189149737, 1042748.413069667993113 ], [ 8560361.783717796206474, 1042748.413069667993113 ], [ 8560361.783717796206474, 1042934.465011060819961 ], [ 8560423.801031593233347, 1042934.465011060819961 ], [ 8560454.809688491746783, 1042934.465011060819961 ], [ 8560454.809688491746783, 1043151.525609352625906 ], [ 8560547.835659189149737, 1043151.525609352625906 ], [ 8560547.835659189149737, 1043058.499638656154275 ], [ 8560640.861629884690046, 1043058.499638656154275 ], [ 8560640.861629884690046, 1042934.465011060819961 ], [ 8560764.896257480606437, 1042934.465011060819961 ], [ 8560764.896257480606437, 1042841.43904036434833 ], [ 8560857.922228178009391, 1042841.43904036434833 ], [ 8560857.922228178009391, 1043058.499638656154275 ], [ 8560950.9481988735497, 1043058.499638656154275 ], [ 8560950.9481988735497, 1042934.465011060819961 ], [ 8561043.974169570952654, 1042934.465011060819961 ], [ 8561043.974169570952654, 1042841.43904036434833 ], [ 8561012.965512670576572, 1042841.43904036434833 ], [ 8560950.9481988735497, 1042841.43904036434833 ], [ 8560950.9481988735497, 1042748.413069667993113 ], [ 8561168.008797165006399, 1042748.413069667993113 ], [ 8561168.008797165006399, 1042841.43904036434833 ], [ 8561230.026110963895917, 1042841.43904036434833 ], [ 8561261.034767862409353, 1042841.43904036434833 ], [ 8561261.034767862409353, 1042934.465011060819961 ], [ 8561571.121336849406362, 1042934.465011060819961 ], [ 8561571.121336849406362, 1042841.43904036434833 ], [ 8561757.173278242349625, 1042841.43904036434833 ], [ 8561757.173278242349625, 1042748.413069667993113 ], [ 8561881.207905838266015, 1042748.413069667993113 ], [ 8561881.207905838266015, 1042655.387098971521482 ], [ 8561974.233876535668969, 1042655.387098971521482 ], [ 8561974.233876535668969, 1042748.413069667993113 ], [ 8562067.259847231209278, 1042748.413069667993113 ], [ 8562067.259847231209278, 1042655.387098971521482 ], [ 8562160.285817928612232, 1042655.387098971521482 ], [ 8562160.285817928612232, 1042748.413069667993113 ], [ 8562563.398357613012195, 1042748.413069667993113 ], [ 8562563.398357613012195, 1042655.387098971521482 ], [ 8562687.43298520706594, 1042655.387098971521482 ], [ 8562687.43298520706594, 1042531.352471376187168 ], [ 8563090.545524891465902, 1042531.352471376187168 ], [ 8563090.545524891465902, 1042438.326500679715537 ], [ 8563183.571495588868856, 1042438.326500679715537 ], [ 8563183.571495588868856, 1042128.239931691554375 ], [ 8563152.56283869035542, 1042128.239931691554375 ], [ 8563090.545524891465902, 1042128.239931691554375 ], [ 8563090.545524891465902, 1042035.213960995082743 ], [ 8563059.536867992952466, 1042035.213960995082743 ], [ 8562873.484926600009203, 1042035.213960995082743 ], [ 8562873.484926600009203, 1041942.187990298611112 ], [ 8562842.476269701495767, 1041942.187990298611112 ], [ 8562780.458955904468894, 1041942.187990298611112 ], [ 8562780.458955904468894, 1041818.153362703276798 ], [ 8562749.450299005955458, 1041818.153362703276798 ], [ 8562284.320445522665977, 1041818.153362703276798 ], [ 8562284.320445522665977, 1041725.127392006805167 ], [ 8562377.346416220068932, 1041725.127392006805167 ], [ 8562377.346416220068932, 1041415.040823018644005 ], [ 8562346.337759321555495, 1041415.040823018644005 ], [ 8562284.320445522665977, 1041415.040823018644005 ], [ 8562284.320445522665977, 1041322.014852322172374 ], [ 8562377.346416220068932, 1041322.014852322172374 ], [ 8562377.346416220068932, 1041228.988881625700742 ], [ 8562687.43298520706594, 1041228.988881625700742 ], [ 8562687.43298520706594, 1041135.96291092922911 ], [ 8562780.458955904468894, 1041135.96291092922911 ], [ 8562780.458955904468894, 1041228.988881625700742 ], [ 8562842.476269701495767, 1041228.988881625700742 ], [ 8562873.484926600009203, 1041228.988881625700742 ], [ 8562873.484926600009203, 1041539.075450613978319 ], [ 8562780.458955904468894, 1041539.075450613978319 ], [ 8562780.458955904468894, 1041725.127392006805167 ], [ 8562966.510897297412157, 1041725.127392006805167 ], [ 8562997.519554195925593, 1041725.127392006805167 ], [ 8562997.519554195925593, 1041818.153362703276798 ], [ 8563183.571495588868856, 1041818.153362703276798 ], [ 8563183.571495588868856, 1041725.127392006805167 ], [ 8563586.684035273268819, 1041725.127392006805167 ], [ 8563586.684035273268819, 1041818.153362703276798 ], [ 8563679.710005970671773, 1041818.153362703276798 ], [ 8563679.710005970671773, 1041632.10142131044995 ], [ 8563803.744633564725518, 1041632.10142131044995 ], [ 8563803.744633564725518, 1041539.075450613978319 ], [ 8563772.735976666212082, 1041539.075450613978319 ], [ 8563679.710005970671773, 1041539.075450613978319 ], [ 8563679.710005970671773, 1041415.040823018644005 ], [ 8563989.796574957668781, 1041415.040823018644005 ], [ 8563989.796574957668781, 1041322.014852322172374 ], [ 8564082.822545655071735, 1041322.014852322172374 ], [ 8564082.822545655071735, 1041011.928283334011212 ], [ 8564051.813888756558299, 1041011.928283334011212 ], [ 8563989.796574957668781, 1041011.928283334011212 ], [ 8563989.796574957668781, 1041228.988881625700742 ], [ 8563896.770604262128472, 1041228.988881625700742 ], [ 8563896.770604262128472, 1041322.014852322172374 ], [ 8563803.744633564725518, 1041322.014852322172374 ], [ 8563803.744633564725518, 1041135.96291092922911 ], [ 8563772.735976666212082, 1041135.96291092922911 ], [ 8563679.710005970671773, 1041135.96291092922911 ], [ 8563679.710005970671773, 1040918.90231263753958 ], [ 8563648.701349070295691, 1040918.90231263753958 ], [ 8563586.684035273268819, 1040918.90231263753958 ], [ 8563586.684035273268819, 1040825.876341941067949 ], [ 8563493.65806457772851, 1040825.876341941067949 ], [ 8563493.65806457772851, 1040918.90231263753958 ], [ 8563400.632093880325556, 1040918.90231263753958 ], [ 8563400.632093880325556, 1040732.850371244596317 ], [ 8563369.623436981812119, 1040732.850371244596317 ], [ 8562997.519554195925593, 1040732.850371244596317 ], [ 8562997.519554195925593, 1040298.729174661100842 ], [ 8563090.545524891465902, 1040298.729174661100842 ], [ 8563090.545524891465902, 1040112.677233268157579 ], [ 8563059.536867992952466, 1040112.677233268157579 ], [ 8562997.519554195925593, 1040112.677233268157579 ], [ 8562997.519554195925593, 1039895.616634976468049 ], [ 8562966.510897297412157, 1039895.616634976468049 ], [ 8562780.458955904468894, 1039895.616634976468049 ], [ 8562780.458955904468894, 1039802.590664279996417 ], [ 8562997.519554195925593, 1039802.590664279996417 ], [ 8562997.519554195925593, 1039492.504095291718841 ], [ 8563090.545524891465902, 1039492.504095291718841 ], [ 8563090.545524891465902, 1039709.564693583524786 ], [ 8563152.56283869035542, 1039709.564693583524786 ], [ 8563183.571495588868856, 1039709.564693583524786 ], [ 8563183.571495588868856, 1039895.616634976468049 ], [ 8563400.632093880325556, 1039895.616634976468049 ], [ 8563400.632093880325556, 1039616.538722887053154 ], [ 8563369.623436981812119, 1039616.538722887053154 ], [ 8563276.597466284409165, 1039616.538722887053154 ], [ 8563276.597466284409165, 1039399.478124595363624 ], [ 8563400.632093880325556, 1039399.478124595363624 ], [ 8563400.632093880325556, 1039306.452153898891993 ], [ 8563679.710005970671773, 1039306.452153898891993 ], [ 8563679.710005970671773, 1039182.417526303557679 ], [ 8564082.822545655071735, 1039182.417526303557679 ], [ 8564082.822545655071735, 1039399.478124595363624 ], [ 8563896.770604262128472, 1039399.478124595363624 ], [ 8563896.770604262128472, 1039492.504095291718841 ], [ 8563958.787918059155345, 1039492.504095291718841 ], [ 8563989.796574957668781, 1039492.504095291718841 ], [ 8563989.796574957668781, 1039709.564693583524786 ], [ 8563896.770604262128472, 1039709.564693583524786 ], [ 8563896.770604262128472, 1039802.590664279996417 ], [ 8563679.710005970671773, 1039802.590664279996417 ], [ 8563679.710005970671773, 1039895.616634976468049 ], [ 8563772.735976666212082, 1039895.616634976468049 ], [ 8563803.744633564725518, 1039895.616634976468049 ], [ 8563803.744633564725518, 1040019.651262571685947 ], [ 8563586.684035273268819, 1040019.651262571685947 ], [ 8563586.684035273268819, 1040515.789772952906787 ], [ 8563648.701349070295691, 1040515.789772952906787 ], [ 8563679.710005970671773, 1040515.789772952906787 ], [ 8563679.710005970671773, 1040608.815743649378419 ], [ 8563772.735976666212082, 1040608.815743649378419 ], [ 8563803.744633564725518, 1040608.815743649378419 ], [ 8563803.744633564725518, 1040732.850371244596317 ], [ 8563865.761947363615036, 1040732.850371244596317 ], [ 8563896.770604262128472, 1040732.850371244596317 ], [ 8563896.770604262128472, 1040825.876341941067949 ], [ 8563989.796574957668781, 1040825.876341941067949 ], [ 8563989.796574957668781, 1040608.815743649378419 ], [ 8564082.822545655071735, 1040608.815743649378419 ], [ 8564082.822545655071735, 1040515.789772952906787 ], [ 8564051.813888756558299, 1040515.789772952906787 ], [ 8563989.796574957668781, 1040515.789772952906787 ], [ 8563989.796574957668781, 1040298.729174661100842 ], [ 8563958.787918059155345, 1040298.729174661100842 ], [ 8563679.710005970671773, 1040298.729174661100842 ], [ 8563679.710005970671773, 1040205.703203964629211 ], [ 8563803.744633564725518, 1040205.703203964629211 ], [ 8563803.744633564725518, 1040112.677233268157579 ], [ 8563896.770604262128472, 1040112.677233268157579 ], [ 8563896.770604262128472, 1040205.703203964629211 ], [ 8563958.787918059155345, 1040205.703203964629211 ], [ 8563989.796574957668781, 1040205.703203964629211 ], [ 8563989.796574957668781, 1040298.729174661100842 ], [ 8564175.848516350612044, 1040298.729174661100842 ], [ 8564206.857173249125481, 1040298.729174661100842 ], [ 8564206.857173249125481, 1040918.90231263753958 ], [ 8564082.822545655071735, 1040918.90231263753958 ], [ 8564082.822545655071735, 1041011.928283334011212 ], [ 8564299.883143946528435, 1041011.928283334011212 ], [ 8564299.883143946528435, 1040918.90231263753958 ], [ 8564392.909114642068744, 1040918.90231263753958 ], [ 8564392.909114642068744, 1040825.876341941067949 ], [ 8564516.943742237985134, 1040825.876341941067949 ], [ 8564516.943742237985134, 1040732.850371244596317 ], [ 8564702.995683630928397, 1040732.850371244596317 ], [ 8564702.995683630928397, 1040608.815743649378419 ], [ 8564796.021654328331351, 1040608.815743649378419 ], [ 8564796.021654328331351, 1040515.789772952906787 ], [ 8564920.056281922385097, 1040515.789772952906787 ], [ 8564920.056281922385097, 1040298.729174661100842 ], [ 8565013.082252619788051, 1040298.729174661100842 ], [ 8565013.082252619788051, 1039802.590664279996417 ], [ 8564982.073595719411969, 1039802.590664279996417 ], [ 8564796.021654328331351, 1039802.590664279996417 ], [ 8564796.021654328331351, 1039709.564693583524786 ], [ 8564920.056281922385097, 1039709.564693583524786 ], [ 8564920.056281922385097, 1039492.504095291718841 ], [ 8565013.082252619788051, 1039492.504095291718841 ], [ 8565013.082252619788051, 1039399.478124595363624 ], [ 8565199.134194012731314, 1039399.478124595363624 ], [ 8565199.134194012731314, 1039492.504095291718841 ], [ 8565292.160164708271623, 1039492.504095291718841 ], [ 8565323.168821606785059, 1039492.504095291718841 ], [ 8565323.168821606785059, 1039616.538722887053154 ], [ 8565385.186135405674577, 1039616.538722887053154 ], [ 8565416.194792304188013, 1039616.538722887053154 ], [ 8565416.194792304188013, 1039802.590664279996417 ], [ 8565323.168821606785059, 1039802.590664279996417 ], [ 8565323.168821606785059, 1040019.651262571685947 ], [ 8565106.10822331532836, 1040019.651262571685947 ], [ 8565106.10822331532836, 1040112.677233268157579 ], [ 8565168.125537112355232, 1040112.677233268157579 ], [ 8565199.134194012731314, 1040112.677233268157579 ], [ 8565199.134194012731314, 1040205.703203964629211 ], [ 8565106.10822331532836, 1040205.703203964629211 ], [ 8565106.10822331532836, 1040422.763802256435156 ], [ 8565013.082252619788051, 1040422.763802256435156 ], [ 8565013.082252619788051, 1040515.789772952906787 ], [ 8564920.056281922385097, 1040515.789772952906787 ], [ 8564920.056281922385097, 1040918.90231263753958 ], [ 8565013.082252619788051, 1040918.90231263753958 ], [ 8565013.082252619788051, 1040732.850371244596317 ], [ 8565199.134194012731314, 1040732.850371244596317 ], [ 8565199.134194012731314, 1040608.815743649378419 ], [ 8565323.168821606785059, 1040608.815743649378419 ], [ 8565323.168821606785059, 1040298.729174661100842 ], [ 8565509.220762999728322, 1040298.729174661100842 ], [ 8565509.220762999728322, 1040422.763802256435156 ], [ 8565602.246733697131276, 1040422.763802256435156 ], [ 8565602.246733697131276, 1040298.729174661100842 ], [ 8565726.281361291185021, 1040298.729174661100842 ], [ 8565726.281361291185021, 1040205.703203964629211 ], [ 8565912.333302684128284, 1040205.703203964629211 ], [ 8565912.333302684128284, 1040019.651262571685947 ], [ 8566036.367930280044675, 1040019.651262571685947 ], [ 8566036.367930280044675, 1039802.590664279996417 ], [ 8566005.359273381531239, 1039802.590664279996417 ], [ 8565912.333302684128284, 1039802.590664279996417 ], [ 8565912.333302684128284, 1039709.564693583524786 ], [ 8565881.324645785614848, 1039709.564693583524786 ], [ 8565726.281361291185021, 1039709.564693583524786 ], [ 8565726.281361291185021, 1039616.538722887053154 ], [ 8565819.307331988587976, 1039616.538722887053154 ], [ 8565819.307331988587976, 1039492.504095291718841 ], [ 8566036.367930280044675, 1039492.504095291718841 ], [ 8566036.367930280044675, 1039616.538722887053154 ], [ 8566129.393900977447629, 1039616.538722887053154 ], [ 8566129.393900977447629, 1039492.504095291718841 ], [ 8566222.419871672987938, 1039492.504095291718841 ], [ 8566222.419871672987938, 1039399.478124595363624 ], [ 8566439.480469964444637, 1039399.478124595363624 ], [ 8566439.480469964444637, 1039616.538722887053154 ], [ 8566532.506440661847591, 1039616.538722887053154 ], [ 8566532.506440661847591, 1039306.452153898891993 ], [ 8566625.5324113573879, 1039306.452153898891993 ], [ 8566625.5324113573879, 1039182.417526303557679 ], [ 8566718.558382054790854, 1039182.417526303557679 ], [ 8566718.558382054790854, 1039089.391555607086048 ], [ 8566842.5930096488446, 1039089.391555607086048 ], [ 8566842.5930096488446, 1038996.365584910614416 ], [ 8566935.618980346247554, 1038996.365584910614416 ], [ 8566935.618980346247554, 1038903.339614214142784 ], [ 8567028.644951041787863, 1038903.339614214142784 ], [ 8567028.644951041787863, 1038779.304986618924886 ], [ 8567121.670921739190817, 1038779.304986618924886 ], [ 8567121.670921739190817, 1038686.279015922453254 ], [ 8567431.75749072805047, 1038686.279015922453254 ], [ 8567431.75749072805047, 1038593.253045225981623 ], [ 8568020.921971805393696, 1038593.253045225981623 ], [ 8568051.930628703907132, 1038593.253045225981623 ], [ 8568051.930628703907132, 1039089.391555607086048 ], [ 8567958.904658006504178, 1039089.391555607086048 ], [ 8567958.904658006504178, 1039182.417526303557679 ], [ 8567834.870030412450433, 1039182.417526303557679 ], [ 8567834.870030412450433, 1039399.478124595363624 ], [ 8567741.844059715047479, 1039399.478124595363624 ], [ 8567741.844059715047479, 1039492.504095291718841 ], [ 8567555.792118322104216, 1039492.504095291718841 ], [ 8567555.792118322104216, 1039616.538722887053154 ], [ 8567431.75749072805047, 1039616.538722887053154 ], [ 8567431.75749072805047, 1039709.564693583524786 ], [ 8567834.870030412450433, 1039709.564693583524786 ], [ 8567834.870030412450433, 1039616.538722887053154 ], [ 8568362.01719769090414, 1039616.538722887053154 ], [ 8568362.01719769090414, 1039492.504095291718841 ], [ 8568548.069139083847404, 1039492.504095291718841 ], [ 8568548.069139083847404, 1039616.538722887053154 ], [ 8568641.095109781250358, 1039616.538722887053154 ], [ 8568672.103766679763794, 1039616.538722887053154 ], [ 8568672.103766679763794, 1039709.564693583524786 ], [ 8568548.069139083847404, 1039709.564693583524786 ], [ 8568548.069139083847404, 1039802.590664279996417 ], [ 8568362.01719769090414, 1039802.590664279996417 ], [ 8568362.01719769090414, 1039895.616634976468049 ], [ 8567834.870030412450433, 1039895.616634976468049 ], [ 8567834.870030412450433, 1040019.651262571685947 ], [ 8567741.844059715047479, 1040019.651262571685947 ], [ 8567741.844059715047479, 1040298.729174661100842 ], [ 8568237.982570096850395, 1040298.729174661100842 ], [ 8568237.982570096850395, 1040205.703203964629211 ], [ 8568362.01719769090414, 1040205.703203964629211 ], [ 8568362.01719769090414, 1040112.677233268157579 ], [ 8568548.069139083847404, 1040112.677233268157579 ], [ 8568548.069139083847404, 1040205.703203964629211 ], [ 8568734.121080476790667, 1040205.703203964629211 ], [ 8568765.129737377166748, 1040205.703203964629211 ], [ 8568765.129737377166748, 1040298.729174661100842 ], [ 8568672.103766679763794, 1040298.729174661100842 ], [ 8568672.103766679763794, 1040422.763802256435156 ], [ 8568362.01719769090414, 1040422.763802256435156 ], [ 8568362.01719769090414, 1040608.815743649378419 ], [ 8568051.930628703907132, 1040608.815743649378419 ], [ 8568051.930628703907132, 1040732.850371244596317 ], [ 8568331.008540792390704, 1040732.850371244596317 ], [ 8568362.01719769090414, 1040732.850371244596317 ], [ 8568362.01719769090414, 1040825.876341941067949 ], [ 8567834.870030412450433, 1040825.876341941067949 ], [ 8567834.870030412450433, 1041011.928283334011212 ], [ 8567741.844059715047479, 1041011.928283334011212 ], [ 8567741.844059715047479, 1041322.014852322172374 ], [ 8567803.861373512074351, 1041322.014852322172374 ], [ 8567834.870030412450433, 1041322.014852322172374 ], [ 8567834.870030412450433, 1041415.040823018644005 ], [ 8568020.921971805393696, 1041415.040823018644005 ], [ 8568051.930628703907132, 1041415.040823018644005 ], [ 8568051.930628703907132, 1041725.127392006805167 ], [ 8568362.01719769090414, 1041725.127392006805167 ], [ 8568362.01719769090414, 1041632.10142131044995 ], [ 8568548.069139083847404, 1041632.10142131044995 ], [ 8568548.069139083847404, 1041322.014852322172374 ], [ 8568672.103766679763794, 1041322.014852322172374 ], [ 8568672.103766679763794, 1041415.040823018644005 ], [ 8568765.129737377166748, 1041415.040823018644005 ], [ 8568765.129737377166748, 1041322.014852322172374 ], [ 8568827.147051174193621, 1041322.014852322172374 ], [ 8568858.155708072707057, 1041322.014852322172374 ], [ 8568858.155708072707057, 1041539.075450613978319 ], [ 8569075.216306364163756, 1041539.075450613978319 ], [ 8569075.216306364163756, 1041228.988881625700742 ], [ 8569044.20764946565032, 1041228.988881625700742 ], [ 8568951.181678770110011, 1041228.988881625700742 ], [ 8568951.181678770110011, 1040608.815743649378419 ], [ 8569075.216306364163756, 1040608.815743649378419 ], [ 8569075.216306364163756, 1040732.850371244596317 ], [ 8569137.233620163053274, 1040732.850371244596317 ], [ 8569168.24227706156671, 1040732.850371244596317 ], [ 8569168.24227706156671, 1041011.928283334011212 ], [ 8569230.259590858593583, 1041011.928283334011212 ], [ 8569261.268247757107019, 1041011.928283334011212 ], [ 8569261.268247757107019, 1041135.96291092922911 ], [ 8569447.320189150050282, 1041135.96291092922911 ], [ 8569478.328846048563719, 1041135.96291092922911 ], [ 8569478.328846048563719, 1041322.014852322172374 ], [ 8569726.3981012403965, 1041322.014852322172374 ], [ 8569757.406758138909936, 1041322.014852322172374 ], [ 8569757.406758138909936, 1041539.075450613978319 ], [ 8569881.441385734826326, 1041539.075450613978319 ], [ 8569881.441385734826326, 1041415.040823018644005 ], [ 8569974.467356430366635, 1041415.040823018644005 ], [ 8569974.467356430366635, 1041228.988881625700742 ], [ 8569943.458699531853199, 1041228.988881625700742 ], [ 8569881.441385734826326, 1041228.988881625700742 ], [ 8569881.441385734826326, 1041011.928283334011212 ], [ 8569850.432728834450245, 1041011.928283334011212 ], [ 8569757.406758138909936, 1041011.928283334011212 ], [ 8569757.406758138909936, 1040918.90231263753958 ], [ 8569726.3981012403965, 1040918.90231263753958 ], [ 8569478.328846048563719, 1040918.90231263753958 ], [ 8569478.328846048563719, 1040825.876341941067949 ], [ 8569447.320189150050282, 1040825.876341941067949 ], [ 8569354.294218454509974, 1040825.876341941067949 ], [ 8569354.294218454509974, 1040422.763802256435156 ], [ 8569323.285561555996537, 1040422.763802256435156 ], [ 8569261.268247757107019, 1040422.763802256435156 ], [ 8569261.268247757107019, 1040112.677233268157579 ], [ 8569230.259590858593583, 1040112.677233268157579 ], [ 8568951.181678770110011, 1040112.677233268157579 ], [ 8568951.181678770110011, 1040205.703203964629211 ], [ 8568765.129737377166748, 1040205.703203964629211 ], [ 8568765.129737377166748, 1040112.677233268157579 ], [ 8568951.181678770110011, 1040112.677233268157579 ], [ 8568951.181678770110011, 1040019.651262571685947 ], [ 8569075.216306364163756, 1040019.651262571685947 ], [ 8569075.216306364163756, 1039895.616634976468049 ], [ 8569261.268247757107019, 1039895.616634976468049 ], [ 8569261.268247757107019, 1039709.564693583524786 ], [ 8569354.294218454509974, 1039709.564693583524786 ], [ 8569354.294218454509974, 1039616.538722887053154 ], [ 8569757.406758138909936, 1039616.538722887053154 ], [ 8569757.406758138909936, 1039709.564693583524786 ], [ 8569664.380787441506982, 1039709.564693583524786 ], [ 8569664.380787441506982, 1039802.590664279996417 ], [ 8569478.328846048563719, 1039802.590664279996417 ], [ 8569478.328846048563719, 1039895.616634976468049 ], [ 8569354.294218454509974, 1039895.616634976468049 ], [ 8569354.294218454509974, 1040019.651262571685947 ], [ 8569261.268247757107019, 1040019.651262571685947 ], [ 8569261.268247757107019, 1040112.677233268157579 ], [ 8569447.320189150050282, 1040112.677233268157579 ], [ 8569478.328846048563719, 1040112.677233268157579 ], [ 8569478.328846048563719, 1040205.703203964629211 ], [ 8569571.354816745966673, 1040205.703203964629211 ], [ 8569571.354816745966673, 1040112.677233268157579 ], [ 8569664.380787441506982, 1040112.677233268157579 ], [ 8569664.380787441506982, 1040019.651262571685947 ], [ 8569757.406758138909936, 1040019.651262571685947 ], [ 8569757.406758138909936, 1040112.677233268157579 ], [ 8569974.467356430366635, 1040112.677233268157579 ], [ 8569974.467356430366635, 1040019.651262571685947 ], [ 8570067.493327125906944, 1040019.651262571685947 ], [ 8570067.493327125906944, 1039182.417526303557679 ], [ 8570036.484670227393508, 1039182.417526303557679 ], [ 8569881.441385734826326, 1039182.417526303557679 ], [ 8569881.441385734826326, 1039089.391555607086048 ], [ 8569757.406758138909936, 1039089.391555607086048 ], [ 8569757.406758138909936, 1039182.417526303557679 ], [ 8569571.354816745966673, 1039182.417526303557679 ], [ 8569571.354816745966673, 1039306.452153898891993 ], [ 8569354.294218454509974, 1039306.452153898891993 ], [ 8569354.294218454509974, 1039182.417526303557679 ], [ 8569571.354816745966673, 1039182.417526303557679 ], [ 8569571.354816745966673, 1039089.391555607086048 ], [ 8569757.406758138909936, 1039089.391555607086048 ], [ 8569757.406758138909936, 1038996.365584910614416 ], [ 8570067.493327125906944, 1038996.365584910614416 ], [ 8570067.493327125906944, 1038903.339614214142784 ], [ 8570284.553925419226289, 1038903.339614214142784 ], [ 8570284.553925419226289, 1038779.304986618924886 ], [ 8570377.579896114766598, 1038779.304986618924886 ], [ 8570377.579896114766598, 1038593.253045225981623 ], [ 8570594.640494406223297, 1038593.253045225981623 ], [ 8570594.640494406223297, 1038500.227074529509991 ], [ 8570873.718406496569514, 1038500.227074529509991 ], [ 8570873.718406496569514, 1038376.192446934292093 ], [ 8570997.75303409062326, 1038376.192446934292093 ], [ 8570997.75303409062326, 1038500.227074529509991 ], [ 8571276.830946180969477, 1038500.227074529509991 ], [ 8571276.830946180969477, 1038376.192446934292093 ], [ 8571400.865573776885867, 1038376.192446934292093 ], [ 8571400.865573776885867, 1038500.227074529509991 ], [ 8571679.943485865369439, 1038500.227074529509991 ], [ 8571710.952142763882875, 1038500.227074529509991 ], [ 8571710.952142763882875, 1038593.253045225981623 ], [ 8571897.004084156826138, 1038593.253045225981623 ], [ 8571897.004084156826138, 1038500.227074529509991 ], [ 8571990.030054854229093, 1038500.227074529509991 ], [ 8571990.030054854229093, 1038376.192446934292093 ], [ 8572207.090653145685792, 1038376.192446934292093 ], [ 8572207.090653145685792, 1038283.166476237820461 ], [ 8572517.177222134545445, 1038283.166476237820461 ], [ 8572517.177222134545445, 1038376.192446934292093 ], [ 8572579.194535931572318, 1038376.192446934292093 ], [ 8572610.203192830085754, 1038376.192446934292093 ], [ 8572610.203192830085754, 1038500.227074529509991 ], [ 8572672.220506627112627, 1038500.227074529509991 ], [ 8572703.229163525626063, 1038500.227074529509991 ], [ 8572703.229163525626063, 1038593.253045225981623 ], [ 8572765.246477324515581, 1038593.253045225981623 ], [ 8572796.255134223029017, 1038593.253045225981623 ], [ 8572796.255134223029017, 1038779.304986618924886 ], [ 8572703.229163525626063, 1038779.304986618924886 ], [ 8572703.229163525626063, 1038903.339614214142784 ], [ 8572610.203192830085754, 1038903.339614214142784 ], [ 8572610.203192830085754, 1038779.304986618924886 ], [ 8572517.177222134545445, 1038779.304986618924886 ], [ 8572517.177222134545445, 1038903.339614214142784 ], [ 8572393.142594538629055, 1038903.339614214142784 ], [ 8572393.142594538629055, 1038996.365584910614416 ], [ 8572207.090653145685792, 1038996.365584910614416 ], [ 8572207.090653145685792, 1039089.391555607086048 ], [ 8572114.064682448282838, 1039089.391555607086048 ], [ 8572114.064682448282838, 1039182.417526303557679 ], [ 8571897.004084156826138, 1039182.417526303557679 ], [ 8571897.004084156826138, 1039306.452153898891993 ], [ 8571710.952142763882875, 1039306.452153898891993 ], [ 8571710.952142763882875, 1039492.504095291718841 ], [ 8571400.865573776885867, 1039492.504095291718841 ], [ 8571400.865573776885867, 1039616.538722887053154 ], [ 8571276.830946180969477, 1039616.538722887053154 ], [ 8571276.830946180969477, 1039709.564693583524786 ], [ 8571183.804975483566523, 1039709.564693583524786 ], [ 8571183.804975483566523, 1039802.590664279996417 ], [ 8570873.718406496569514, 1039802.590664279996417 ], [ 8570873.718406496569514, 1040205.703203964629211 ], [ 8570780.69243579916656, 1040205.703203964629211 ], [ 8570780.69243579916656, 1040422.763802256435156 ], [ 8570687.666465103626251, 1040422.763802256435156 ], [ 8570687.666465103626251, 1040732.850371244596317 ], [ 8570470.605866812169552, 1040732.850371244596317 ], [ 8570470.605866812169552, 1040608.815743649378419 ], [ 8570284.553925419226289, 1040608.815743649378419 ], [ 8570284.553925419226289, 1040732.850371244596317 ], [ 8570067.493327125906944, 1040732.850371244596317 ], [ 8570067.493327125906944, 1040608.815743649378419 ], [ 8569974.467356430366635, 1040608.815743649378419 ], [ 8569974.467356430366635, 1040732.850371244596317 ], [ 8569881.441385734826326, 1040732.850371244596317 ], [ 8569881.441385734826326, 1040918.90231263753958 ], [ 8569943.458699531853199, 1040918.90231263753958 ], [ 8569974.467356430366635, 1040918.90231263753958 ], [ 8569974.467356430366635, 1041011.928283334011212 ], [ 8570067.493327125906944, 1041011.928283334011212 ], [ 8570067.493327125906944, 1040918.90231263753958 ], [ 8570284.553925419226289, 1040918.90231263753958 ], [ 8570284.553925419226289, 1040825.876341941067949 ], [ 8570687.666465103626251, 1040825.876341941067949 ], [ 8570687.666465103626251, 1040918.90231263753958 ], [ 8570749.683778900653124, 1040918.90231263753958 ], [ 8570780.69243579916656, 1040918.90231263753958 ], [ 8570780.69243579916656, 1041135.96291092922911 ], [ 8570687.666465103626251, 1041135.96291092922911 ], [ 8570687.666465103626251, 1041011.928283334011212 ], [ 8570656.657808205112815, 1041011.928283334011212 ], [ 8570594.640494406223297, 1041011.928283334011212 ], [ 8570594.640494406223297, 1040918.90231263753958 ], [ 8570377.579896114766598, 1040918.90231263753958 ], [ 8570377.579896114766598, 1041011.928283334011212 ], [ 8570191.527954721823335, 1041011.928283334011212 ], [ 8570191.527954721823335, 1041135.96291092922911 ], [ 8570067.493327125906944, 1041135.96291092922911 ], [ 8570067.493327125906944, 1041322.014852322172374 ], [ 8570284.553925419226289, 1041322.014852322172374 ], [ 8570284.553925419226289, 1041228.988881625700742 ], [ 8570780.69243579916656, 1041228.988881625700742 ], [ 8570780.69243579916656, 1041322.014852322172374 ], [ 8570842.709749598056078, 1041322.014852322172374 ], [ 8570873.718406496569514, 1041322.014852322172374 ], [ 8570873.718406496569514, 1041539.075450613978319 ], [ 8570284.553925419226289, 1041539.075450613978319 ], [ 8570284.553925419226289, 1041818.153362703276798 ], [ 8570346.571239216253161, 1041818.153362703276798 ], [ 8570377.579896114766598, 1041818.153362703276798 ], [ 8570377.579896114766598, 1041942.187990298611112 ], [ 8570439.59720991179347, 1041942.187990298611112 ], [ 8570470.605866812169552, 1041942.187990298611112 ], [ 8570470.605866812169552, 1042252.274559286772273 ], [ 8570067.493327125906944, 1042252.274559286772273 ], [ 8570067.493327125906944, 1042345.300529983243905 ], [ 8570997.75303409062326, 1042345.300529983243905 ], [ 8570997.75303409062326, 1042252.274559286772273 ], [ 8571090.779004788026214, 1042252.274559286772273 ], [ 8571090.779004788026214, 1042128.239931691554375 ], [ 8571276.830946180969477, 1042128.239931691554375 ], [ 8571276.830946180969477, 1042035.213960995082743 ], [ 8571586.91751516982913, 1042035.213960995082743 ], [ 8571586.91751516982913, 1041942.187990298611112 ], [ 8571990.030054854229093, 1041942.187990298611112 ], [ 8571990.030054854229093, 1041818.153362703276798 ], [ 8572207.090653145685792, 1041818.153362703276798 ], [ 8572207.090653145685792, 1041725.127392006805167 ], [ 8572517.177222134545445, 1041725.127392006805167 ], [ 8572517.177222134545445, 1041818.153362703276798 ], [ 8572579.194535931572318, 1041818.153362703276798 ], [ 8572610.203192830085754, 1041818.153362703276798 ], [ 8572610.203192830085754, 1041942.187990298611112 ], [ 8572517.177222134545445, 1041942.187990298611112 ], [ 8572517.177222134545445, 1042035.213960995082743 ], [ 8572300.116623841226101, 1042035.213960995082743 ], [ 8572300.116623841226101, 1042345.300529983243905 ], [ 8572114.064682448282838, 1042345.300529983243905 ], [ 8572114.064682448282838, 1042438.326500679715537 ], [ 8571990.030054854229093, 1042438.326500679715537 ], [ 8571990.030054854229093, 1043151.525609352625906 ], [ 8571803.97811346128583, 1043151.525609352625906 ], [ 8571803.97811346128583, 1043058.499638656154275 ], [ 8571772.969456562772393, 1043058.499638656154275 ], [ 8571586.91751516982913, 1043058.499638656154275 ], [ 8571586.91751516982913, 1042934.465011060819961 ], [ 8571493.891544472426176, 1042934.465011060819961 ], [ 8571493.891544472426176, 1043058.499638656154275 ], [ 8571276.830946180969477, 1043058.499638656154275 ], [ 8571276.830946180969477, 1043151.525609352625906 ], [ 8571183.804975483566523, 1043151.525609352625906 ], [ 8571183.804975483566523, 1043058.499638656154275 ], [ 8571090.779004788026214, 1043058.499638656154275 ], [ 8571090.779004788026214, 1043151.525609352625906 ], [ 8570997.75303409062326, 1043151.525609352625906 ], [ 8570997.75303409062326, 1043554.6381490372587 ], [ 8571245.82228928245604, 1043554.6381490372587 ], [ 8571276.830946180969477, 1043554.6381490372587 ], [ 8571276.830946180969477, 1043647.664119733730331 ], [ 8571183.804975483566523, 1043647.664119733730331 ], [ 8571183.804975483566523, 1043771.698747329064645 ], [ 8570997.75303409062326, 1043771.698747329064645 ], [ 8570997.75303409062326, 1043864.724718025536276 ], [ 8570687.666465103626251, 1043864.724718025536276 ], [ 8570687.666465103626251, 1044050.776659418363124 ], [ 8570749.683778900653124, 1044050.776659418363124 ], [ 8570780.69243579916656, 1044050.776659418363124 ], [ 8570780.69243579916656, 1044174.811287013697438 ], [ 8570687.666465103626251, 1044174.811287013697438 ], [ 8570687.666465103626251, 1044267.837257710169069 ], [ 8570749.683778900653124, 1044267.837257710169069 ], [ 8570780.69243579916656, 1044267.837257710169069 ], [ 8570780.69243579916656, 1044360.863228406640701 ], [ 8570687.666465103626251, 1044360.863228406640701 ], [ 8570687.666465103626251, 1044267.837257710169069 ], [ 8570656.657808205112815, 1044267.837257710169069 ], [ 8570594.640494406223297, 1044267.837257710169069 ], [ 8570594.640494406223297, 1044174.811287013697438 ], [ 8570377.579896114766598, 1044174.811287013697438 ], [ 8570377.579896114766598, 1044267.837257710169069 ], [ 8570191.527954721823335, 1044267.837257710169069 ], [ 8570191.527954721823335, 1044360.863228406640701 ], [ 8570253.545268518850207, 1044360.863228406640701 ], [ 8570284.553925419226289, 1044360.863228406640701 ], [ 8570284.553925419226289, 1044453.889199103112333 ], [ 8570439.59720991179347, 1044453.889199103112333 ], [ 8570470.605866812169552, 1044453.889199103112333 ], [ 8570470.605866812169552, 1044670.949797394801863 ], [ 8570191.527954721823335, 1044670.949797394801863 ], [ 8570191.527954721823335, 1044577.923826698330231 ], [ 8570067.493327125906944, 1044577.923826698330231 ], [ 8570067.493327125906944, 1044670.949797394801863 ], [ 8569974.467356430366635, 1044670.949797394801863 ], [ 8569974.467356430366635, 1044763.975768091273494 ], [ 8570036.484670227393508, 1044763.975768091273494 ], [ 8570067.493327125906944, 1044763.975768091273494 ], [ 8570067.493327125906944, 1045074.062337079434656 ], [ 8570160.519297823309898, 1045074.062337079434656 ], [ 8570191.527954721823335, 1045074.062337079434656 ], [ 8570191.527954721823335, 1045291.122935371240601 ], [ 8570253.545268518850207, 1045291.122935371240601 ], [ 8570284.553925419226289, 1045291.122935371240601 ], [ 8570284.553925419226289, 1045384.148906067712232 ], [ 8570191.527954721823335, 1045384.148906067712232 ], [ 8570191.527954721823335, 1045477.174876764183864 ], [ 8570346.571239216253161, 1045477.174876764183864 ], [ 8570377.579896114766598, 1045477.174876764183864 ], [ 8570377.579896114766598, 1045787.261445752345026 ], [ 8570594.640494406223297, 1045787.261445752345026 ], [ 8570594.640494406223297, 1045570.200847460655496 ], [ 8570780.69243579916656, 1045570.200847460655496 ], [ 8570780.69243579916656, 1045291.122935371240601 ], [ 8571090.779004788026214, 1045291.122935371240601 ], [ 8571090.779004788026214, 1045074.062337079434656 ], [ 8571183.804975483566523, 1045074.062337079434656 ], [ 8571183.804975483566523, 1044981.036366383079439 ], [ 8571276.830946180969477, 1044981.036366383079439 ], [ 8571276.830946180969477, 1044857.001738787745126 ], [ 8571400.865573776885867, 1044857.001738787745126 ], [ 8571400.865573776885867, 1044763.975768091273494 ], [ 8571897.004084156826138, 1044763.975768091273494 ], [ 8571897.004084156826138, 1044981.036366383079439 ], [ 8571710.952142763882875, 1044981.036366383079439 ], [ 8571710.952142763882875, 1045074.062337079434656 ], [ 8571897.004084156826138, 1045074.062337079434656 ], [ 8571897.004084156826138, 1044981.036366383079439 ], [ 8571990.030054854229093, 1044981.036366383079439 ], [ 8571990.030054854229093, 1044453.889199103112333 ], [ 8572207.090653145685792, 1044453.889199103112333 ], [ 8572207.090653145685792, 1044360.863228406640701 ], [ 8572393.142594538629055, 1044360.863228406640701 ], [ 8572393.142594538629055, 1044453.889199103112333 ], [ 8572486.168565234169364, 1044453.889199103112333 ], [ 8572517.177222134545445, 1044453.889199103112333 ], [ 8572517.177222134545445, 1044577.923826698330231 ], [ 8572393.142594538629055, 1044577.923826698330231 ], [ 8572393.142594538629055, 1044670.949797394801863 ], [ 8572300.116623841226101, 1044670.949797394801863 ], [ 8572300.116623841226101, 1044981.036366383079439 ], [ 8572207.090653145685792, 1044981.036366383079439 ], [ 8572207.090653145685792, 1045074.062337079434656 ], [ 8571990.030054854229093, 1045074.062337079434656 ], [ 8571990.030054854229093, 1045167.088307775906287 ], [ 8571897.004084156826138, 1045167.088307775906287 ], [ 8571897.004084156826138, 1045291.122935371240601 ], [ 8571803.97811346128583, 1045291.122935371240601 ], [ 8571803.97811346128583, 1045570.200847460655496 ], [ 8571865.995427258312702, 1045570.200847460655496 ], [ 8571897.004084156826138, 1045570.200847460655496 ], [ 8571897.004084156826138, 1045973.313387145288289 ], [ 8571803.97811346128583, 1045973.313387145288289 ], [ 8571803.97811346128583, 1046097.348014740622602 ], [ 8571586.91751516982913, 1046097.348014740622602 ], [ 8571586.91751516982913, 1046190.373985436977819 ], [ 8571493.891544472426176, 1046190.373985436977819 ], [ 8571493.891544472426176, 1046283.39995613344945 ], [ 8571400.865573776885867, 1046283.39995613344945 ], [ 8571400.865573776885867, 1046376.425926829921082 ], [ 8571276.830946180969477, 1046376.425926829921082 ], [ 8571276.830946180969477, 1046593.486525121727027 ], [ 8571090.779004788026214, 1046593.486525121727027 ], [ 8571090.779004788026214, 1046686.512495818198659 ], [ 8570780.69243579916656, 1046686.512495818198659 ], [ 8570780.69243579916656, 1046500.460554425255395 ], [ 8570594.640494406223297, 1046500.460554425255395 ], [ 8570594.640494406223297, 1046593.486525121727027 ], [ 8570377.579896114766598, 1046593.486525121727027 ], [ 8570377.579896114766598, 1046686.512495818198659 ], [ 8570191.527954721823335, 1046686.512495818198659 ], [ 8570191.527954721823335, 1046810.547123413416557 ], [ 8569757.406758138909936, 1046810.547123413416557 ], [ 8569757.406758138909936, 1046686.512495818198659 ], [ 8569726.3981012403965, 1046686.512495818198659 ], [ 8569478.328846048563719, 1046686.512495818198659 ], [ 8569478.328846048563719, 1046593.486525121727027 ], [ 8569261.268247757107019, 1046593.486525121727027 ], [ 8569261.268247757107019, 1046686.512495818198659 ], [ 8569168.24227706156671, 1046686.512495818198659 ], [ 8569168.24227706156671, 1046376.425926829921082 ], [ 8569261.268247757107019, 1046376.425926829921082 ], [ 8569261.268247757107019, 1046500.460554425255395 ], [ 8569478.328846048563719, 1046500.460554425255395 ], [ 8569478.328846048563719, 1046376.425926829921082 ], [ 8569664.380787441506982, 1046376.425926829921082 ], [ 8569664.380787441506982, 1046283.39995613344945 ], [ 8569633.372130542993546, 1046283.39995613344945 ], [ 8569571.354816745966673, 1046283.39995613344945 ], [ 8569571.354816745966673, 1046097.348014740622602 ], [ 8569540.346159847453237, 1046097.348014740622602 ], [ 8569168.24227706156671, 1046097.348014740622602 ], [ 8569168.24227706156671, 1045973.313387145288289 ], [ 8568951.181678770110011, 1045973.313387145288289 ], [ 8568951.181678770110011, 1046097.348014740622602 ], [ 8568858.155708072707057, 1046097.348014740622602 ], [ 8568858.155708072707057, 1046283.39995613344945 ], [ 8568548.069139083847404, 1046283.39995613344945 ], [ 8568548.069139083847404, 1046376.425926829921082 ], [ 8568144.956599399447441, 1046376.425926829921082 ], [ 8568144.956599399447441, 1046500.460554425255395 ], [ 8567834.870030412450433, 1046500.460554425255395 ], [ 8567834.870030412450433, 1046190.373985436977819 ], [ 8567803.861373512074351, 1046190.373985436977819 ], [ 8567338.731520030647516, 1046190.373985436977819 ], [ 8567338.731520030647516, 1046097.348014740622602 ], [ 8567307.72286313213408, 1046097.348014740622602 ], [ 8567121.670921739190817, 1046097.348014740622602 ], [ 8567121.670921739190817, 1045973.313387145288289 ], [ 8567338.731520030647516, 1045973.313387145288289 ], [ 8567338.731520030647516, 1045570.200847460655496 ], [ 8567307.72286313213408, 1045570.200847460655496 ], [ 8567245.705549335107207, 1045570.200847460655496 ], [ 8567245.705549335107207, 1045694.235475055873394 ], [ 8567028.644951041787863, 1045694.235475055873394 ], [ 8567028.644951041787863, 1045477.174876764183864 ], [ 8566997.636294143274426, 1045477.174876764183864 ], [ 8566935.618980346247554, 1045477.174876764183864 ], [ 8566935.618980346247554, 1045384.148906067712232 ], [ 8567028.644951041787863, 1045384.148906067712232 ], [ 8567028.644951041787863, 1045074.062337079434656 ], [ 8566935.618980346247554, 1045074.062337079434656 ], [ 8566935.618980346247554, 1045291.122935371240601 ], [ 8566625.5324113573879, 1045291.122935371240601 ], [ 8566625.5324113573879, 1045384.148906067712232 ], [ 8566532.506440661847591, 1045384.148906067712232 ], [ 8566532.506440661847591, 1045477.174876764183864 ], [ 8566439.480469964444637, 1045477.174876764183864 ], [ 8566439.480469964444637, 1045570.200847460655496 ], [ 8565912.333302684128284, 1045570.200847460655496 ], [ 8565912.333302684128284, 1045787.261445752345026 ], [ 8565726.281361291185021, 1045787.261445752345026 ], [ 8565726.281361291185021, 1045880.287416448816657 ], [ 8565509.220762999728322, 1045880.287416448816657 ], [ 8565509.220762999728322, 1045973.313387145288289 ], [ 8565416.194792304188013, 1045973.313387145288289 ], [ 8565416.194792304188013, 1046097.348014740622602 ], [ 8565199.134194012731314, 1046097.348014740622602 ], [ 8565199.134194012731314, 1046190.373985436977819 ], [ 8564920.056281922385097, 1046190.373985436977819 ], [ 8564920.056281922385097, 1046097.348014740622602 ], [ 8565106.10822331532836, 1046097.348014740622602 ], [ 8565106.10822331532836, 1045973.313387145288289 ], [ 8565323.168821606785059, 1045973.313387145288289 ], [ 8565323.168821606785059, 1045880.287416448816657 ], [ 8565292.160164708271623, 1045880.287416448816657 ], [ 8565199.134194012731314, 1045880.287416448816657 ], [ 8565199.134194012731314, 1045787.261445752345026 ], [ 8565416.194792304188013, 1045787.261445752345026 ], [ 8565416.194792304188013, 1045694.235475055873394 ], [ 8565509.220762999728322, 1045694.235475055873394 ], [ 8565509.220762999728322, 1045570.200847460655496 ], [ 8565726.281361291185021, 1045570.200847460655496 ], [ 8565726.281361291185021, 1045477.174876764183864 ], [ 8565912.333302684128284, 1045477.174876764183864 ], [ 8565912.333302684128284, 1045384.148906067712232 ], [ 8566129.393900977447629, 1045384.148906067712232 ], [ 8566129.393900977447629, 1045167.088307775906287 ], [ 8566222.419871672987938, 1045167.088307775906287 ], [ 8566222.419871672987938, 1045074.062337079434656 ], [ 8566439.480469964444637, 1045074.062337079434656 ], [ 8566439.480469964444637, 1044981.036366383079439 ], [ 8566625.5324113573879, 1044981.036366383079439 ], [ 8566625.5324113573879, 1044763.975768091273494 ], [ 8566718.558382054790854, 1044763.975768091273494 ], [ 8566718.558382054790854, 1044670.949797394801863 ], [ 8566935.618980346247554, 1044670.949797394801863 ], [ 8566935.618980346247554, 1044577.923826698330231 ], [ 8567245.705549335107207, 1044577.923826698330231 ], [ 8567245.705549335107207, 1044670.949797394801863 ], [ 8567307.72286313213408, 1044670.949797394801863 ], [ 8567338.731520030647516, 1044670.949797394801863 ], [ 8567338.731520030647516, 1044763.975768091273494 ], [ 8567524.783461423590779, 1044763.975768091273494 ], [ 8567555.792118322104216, 1044763.975768091273494 ], [ 8567555.792118322104216, 1044857.001738787745126 ], [ 8567617.809432119131088, 1044857.001738787745126 ], [ 8567648.81808901950717, 1044857.001738787745126 ], [ 8567648.81808901950717, 1044981.036366383079439 ], [ 8567431.75749072805047, 1044981.036366383079439 ], [ 8567431.75749072805047, 1045074.062337079434656 ], [ 8567524.783461423590779, 1045074.062337079434656 ], [ 8567555.792118322104216, 1045074.062337079434656 ], [ 8567555.792118322104216, 1045167.088307775906287 ], [ 8567741.844059715047479, 1045167.088307775906287 ], [ 8567741.844059715047479, 1045074.062337079434656 ], [ 8568237.982570096850395, 1045074.062337079434656 ], [ 8568237.982570096850395, 1044857.001738787745126 ], [ 8568206.973913198336959, 1044857.001738787745126 ], [ 8568144.956599399447441, 1044857.001738787745126 ], [ 8568144.956599399447441, 1044763.975768091273494 ], [ 8568113.947942500934005, 1044763.975768091273494 ], [ 8568051.930628703907132, 1044763.975768091273494 ], [ 8568051.930628703907132, 1044360.863228406640701 ], [ 8568237.982570096850395, 1044360.863228406640701 ], [ 8568237.982570096850395, 1043864.724718025536276 ], [ 8568206.973913198336959, 1043864.724718025536276 ], [ 8567741.844059715047479, 1043864.724718025536276 ], [ 8567741.844059715047479, 1043957.750688721891493 ], [ 8567648.81808901950717, 1043957.750688721891493 ], [ 8567648.81808901950717, 1044050.776659418363124 ], [ 8567338.731520030647516, 1044050.776659418363124 ], [ 8567338.731520030647516, 1044174.811287013697438 ], [ 8567245.705549335107207, 1044174.811287013697438 ], [ 8567245.705549335107207, 1044050.776659418363124 ], [ 8567214.696892434731126, 1044050.776659418363124 ], [ 8566718.558382054790854, 1044050.776659418363124 ], [ 8566718.558382054790854, 1043771.698747329064645 ], [ 8566687.549725156277418, 1043771.698747329064645 ], [ 8566439.480469964444637, 1043771.698747329064645 ], [ 8566439.480469964444637, 1043647.664119733730331 ], [ 8566408.471813065931201, 1043647.664119733730331 ], [ 8566315.445842370390892, 1043647.664119733730331 ], [ 8566315.445842370390892, 1043554.6381490372587 ], [ 8566284.437185470014811, 1043554.6381490372587 ], [ 8566129.393900977447629, 1043554.6381490372587 ], [ 8566129.393900977447629, 1043461.612178340787068 ], [ 8565819.307331988587976, 1043461.612178340787068 ], [ 8565819.307331988587976, 1043554.6381490372587 ], [ 8565726.281361291185021, 1043554.6381490372587 ], [ 8565726.281361291185021, 1043771.698747329064645 ], [ 8565509.220762999728322, 1043771.698747329064645 ], [ 8565509.220762999728322, 1043864.724718025536276 ], [ 8565323.168821606785059, 1043864.724718025536276 ], [ 8565323.168821606785059, 1043771.698747329064645 ], [ 8565199.134194012731314, 1043771.698747329064645 ], [ 8565199.134194012731314, 1043864.724718025536276 ], [ 8565106.10822331532836, 1043864.724718025536276 ], [ 8565106.10822331532836, 1044050.776659418363124 ], [ 8564609.969712935388088, 1044050.776659418363124 ], [ 8564609.969712935388088, 1043864.724718025536276 ], [ 8564299.883143946528435, 1043864.724718025536276 ], [ 8564299.883143946528435, 1044050.776659418363124 ], [ 8563989.796574957668781, 1044050.776659418363124 ], [ 8563989.796574957668781, 1043957.750688721891493 ], [ 8564082.822545655071735, 1043957.750688721891493 ], [ 8564082.822545655071735, 1043864.724718025536276 ], [ 8563989.796574957668781, 1043864.724718025536276 ], [ 8563989.796574957668781, 1043957.750688721891493 ], [ 8563896.770604262128472, 1043957.750688721891493 ], [ 8563896.770604262128472, 1044050.776659418363124 ], [ 8563679.710005970671773, 1044050.776659418363124 ], [ 8563679.710005970671773, 1044174.811287013697438 ], [ 8563772.735976666212082, 1044174.811287013697438 ], [ 8563803.744633564725518, 1044174.811287013697438 ], [ 8563803.744633564725518, 1044267.837257710169069 ], [ 8563958.787918059155345, 1044267.837257710169069 ], [ 8563989.796574957668781, 1044267.837257710169069 ], [ 8563989.796574957668781, 1044360.863228406640701 ], [ 8564175.848516350612044, 1044360.863228406640701 ], [ 8564206.857173249125481, 1044360.863228406640701 ], [ 8564206.857173249125481, 1044453.889199103112333 ], [ 8564082.822545655071735, 1044453.889199103112333 ], [ 8564082.822545655071735, 1044577.923826698330231 ], [ 8563896.770604262128472, 1044577.923826698330231 ], [ 8563896.770604262128472, 1044763.975768091273494 ], [ 8563803.744633564725518, 1044763.975768091273494 ], [ 8563803.744633564725518, 1044981.036366383079439 ], [ 8563865.761947363615036, 1044981.036366383079439 ], [ 8563896.770604262128472, 1044981.036366383079439 ], [ 8563896.770604262128472, 1045074.062337079434656 ], [ 8563679.710005970671773, 1045074.062337079434656 ], [ 8563679.710005970671773, 1044981.036366383079439 ], [ 8563648.701349070295691, 1044981.036366383079439 ], [ 8563493.65806457772851, 1044981.036366383079439 ], [ 8563493.65806457772851, 1044857.001738787745126 ], [ 8563462.649407677352428, 1044857.001738787745126 ], [ 8563400.632093880325556, 1044857.001738787745126 ], [ 8563400.632093880325556, 1044763.975768091273494 ], [ 8563183.571495588868856, 1044763.975768091273494 ], [ 8563183.571495588868856, 1044981.036366383079439 ], [ 8563090.545524891465902, 1044981.036366383079439 ], [ 8563090.545524891465902, 1044763.975768091273494 ], [ 8563059.536867992952466, 1044763.975768091273494 ], [ 8562687.43298520706594, 1044763.975768091273494 ], [ 8562687.43298520706594, 1044453.889199103112333 ], [ 8562656.424328308552504, 1044453.889199103112333 ], [ 8562563.398357613012195, 1044453.889199103112333 ], [ 8562563.398357613012195, 1044360.863228406640701 ], [ 8562687.43298520706594, 1044360.863228406640701 ], [ 8562687.43298520706594, 1044267.837257710169069 ], [ 8562563.398357613012195, 1044267.837257710169069 ], [ 8562563.398357613012195, 1044360.863228406640701 ], [ 8562470.372386915609241, 1044360.863228406640701 ], [ 8562470.372386915609241, 1044577.923826698330231 ], [ 8562067.259847231209278, 1044577.923826698330231 ], [ 8562067.259847231209278, 1044453.889199103112333 ], [ 8561974.233876535668969, 1044453.889199103112333 ], [ 8561974.233876535668969, 1044670.949797394801863 ], [ 8561881.207905838266015, 1044670.949797394801863 ], [ 8561881.207905838266015, 1044453.889199103112333 ], [ 8561974.233876535668969, 1044453.889199103112333 ], [ 8561974.233876535668969, 1044267.837257710169069 ], [ 8561757.173278242349625, 1044267.837257710169069 ], [ 8561757.173278242349625, 1044577.923826698330231 ], [ 8561664.147307546809316, 1044577.923826698330231 ], [ 8561664.147307546809316, 1044670.949797394801863 ], [ 8561571.121336849406362, 1044670.949797394801863 ], [ 8561571.121336849406362, 1044453.889199103112333 ], [ 8561478.095366153866053, 1044453.889199103112333 ], [ 8561478.095366153866053, 1044857.001738787745126 ], [ 8561354.060738557949662, 1044857.001738787745126 ], [ 8561354.060738557949662, 1044981.036366383079439 ], [ 8561478.095366153866053, 1044981.036366383079439 ], [ 8561478.095366153866053, 1044857.001738787745126 ], [ 8561881.207905838266015, 1044857.001738787745126 ], [ 8561881.207905838266015, 1044981.036366383079439 ], [ 8561943.225219635292888, 1044981.036366383079439 ], [ 8561974.233876535668969, 1044981.036366383079439 ], [ 8561974.233876535668969, 1045167.088307775906287 ], [ 8562036.251190332695842, 1045167.088307775906287 ], [ 8562067.259847231209278, 1045167.088307775906287 ], [ 8562067.259847231209278, 1045291.122935371240601 ], [ 8562129.277161028236151, 1045291.122935371240601 ], [ 8562160.285817928612232, 1045291.122935371240601 ], [ 8562160.285817928612232, 1045570.200847460655496 ], [ 8562253.311788624152541, 1045570.200847460655496 ], [ 8562284.320445522665977, 1045570.200847460655496 ], [ 8562284.320445522665977, 1045880.287416448816657 ], [ 8562470.372386915609241, 1045880.287416448816657 ], [ 8562470.372386915609241, 1045787.261445752345026 ], [ 8562563.398357613012195, 1045787.261445752345026 ], [ 8562563.398357613012195, 1045694.235475055873394 ], [ 8562687.43298520706594, 1045694.235475055873394 ], [ 8562687.43298520706594, 1045570.200847460655496 ], [ 8562873.484926600009203, 1045570.200847460655496 ], [ 8562873.484926600009203, 1045694.235475055873394 ], [ 8562780.458955904468894, 1045694.235475055873394 ], [ 8562780.458955904468894, 1045787.261445752345026 ], [ 8563090.545524891465902, 1045787.261445752345026 ], [ 8563090.545524891465902, 1045694.235475055873394 ], [ 8563276.597466284409165, 1045694.235475055873394 ], [ 8563276.597466284409165, 1045570.200847460655496 ], [ 8563493.65806457772851, 1045570.200847460655496 ], [ 8563493.65806457772851, 1045477.174876764183864 ], [ 8563679.710005970671773, 1045477.174876764183864 ], [ 8563679.710005970671773, 1045570.200847460655496 ], [ 8563586.684035273268819, 1045570.200847460655496 ], [ 8563586.684035273268819, 1045694.235475055873394 ], [ 8563648.701349070295691, 1045694.235475055873394 ], [ 8563679.710005970671773, 1045694.235475055873394 ], [ 8563679.710005970671773, 1045880.287416448816657 ], [ 8563586.684035273268819, 1045880.287416448816657 ], [ 8563586.684035273268819, 1046190.373985436977819 ], [ 8563493.65806457772851, 1046190.373985436977819 ], [ 8563493.65806457772851, 1046283.39995613344945 ], [ 8563400.632093880325556, 1046283.39995613344945 ], [ 8563400.632093880325556, 1046190.373985436977819 ], [ 8563090.545524891465902, 1046190.373985436977819 ], [ 8563090.545524891465902, 1046283.39995613344945 ], [ 8562780.458955904468894, 1046283.39995613344945 ], [ 8562780.458955904468894, 1046376.425926829921082 ], [ 8562470.372386915609241, 1046376.425926829921082 ], [ 8562470.372386915609241, 1046500.460554425255395 ], [ 8561881.207905838266015, 1046500.460554425255395 ], [ 8561881.207905838266015, 1046593.486525121727027 ], [ 8561664.147307546809316, 1046593.486525121727027 ], [ 8561664.147307546809316, 1046903.573094109888189 ], [ 8561881.207905838266015, 1046903.573094109888189 ], [ 8561881.207905838266015, 1046810.547123413416557 ], [ 8561974.233876535668969, 1046810.547123413416557 ], [ 8561974.233876535668969, 1046686.512495818198659 ], [ 8562036.251190332695842, 1046686.512495818198659 ], [ 8562067.259847231209278, 1046686.512495818198659 ], [ 8562067.259847231209278, 1046903.573094109888189 ], [ 8561974.233876535668969, 1046903.573094109888189 ], [ 8561974.233876535668969, 1047089.625035502831452 ], [ 8561664.147307546809316, 1047089.625035502831452 ], [ 8561664.147307546809316, 1047306.685633794520982 ], [ 8561571.121336849406362, 1047306.685633794520982 ], [ 8561571.121336849406362, 1047399.711604490992613 ], [ 8561261.034767862409353, 1047399.711604490992613 ], [ 8561261.034767862409353, 1047306.685633794520982 ], [ 8561043.974169570952654, 1047306.685633794520982 ], [ 8561043.974169570952654, 1047399.711604490992613 ], [ 8561137.000140266492963, 1047399.711604490992613 ], [ 8561168.008797165006399, 1047399.711604490992613 ], [ 8561168.008797165006399, 1047616.772202782798558 ], [ 8561043.974169570952654, 1047616.772202782798558 ], [ 8561043.974169570952654, 1047492.737575187464245 ], [ 8561012.965512670576572, 1047492.737575187464245 ], [ 8560950.9481988735497, 1047492.737575187464245 ], [ 8560950.9481988735497, 1047399.711604490992613 ], [ 8560919.939541975036263, 1047399.711604490992613 ], [ 8560857.922228178009391, 1047399.711604490992613 ], [ 8560857.922228178009391, 1047306.685633794520982 ], [ 8560826.913571277633309, 1047306.685633794520982 ], [ 8560640.861629884690046, 1047306.685633794520982 ], [ 8560640.861629884690046, 1047213.659663098165765 ], [ 8560361.783717796206474, 1047213.659663098165765 ], [ 8560361.783717796206474, 1047306.685633794520982 ], [ 8560516.827002290636301, 1047306.685633794520982 ], [ 8560547.835659189149737, 1047306.685633794520982 ], [ 8560547.835659189149737, 1047399.711604490992613 ], [ 8560361.783717796206474, 1047399.711604490992613 ], [ 8560361.783717796206474, 1047492.737575187464245 ], [ 8560237.749090200290084, 1047492.737575187464245 ], [ 8560237.749090200290084, 1047616.772202782798558 ], [ 8559958.671178111806512, 1047616.772202782798558 ], [ 8559958.671178111806512, 1047709.79817347927019 ], [ 8559741.610579820349813, 1047709.79817347927019 ], [ 8559741.610579820349813, 1047895.850114872213453 ], [ 8559524.549981528893113, 1047895.850114872213453 ], [ 8559524.549981528893113, 1048019.884742467431352 ], [ 8559338.49804013594985, 1048019.884742467431352 ], [ 8559338.49804013594985, 1048205.936683860374615 ], [ 8559245.472069438546896, 1048205.936683860374615 ], [ 8559245.472069438546896, 1048329.971311455592513 ], [ 8559028.411471147090197, 1048329.971311455592513 ], [ 8559028.411471147090197, 1048422.997282152064145 ], [ 8558935.385500449687243, 1048422.997282152064145 ], [ 8558935.385500449687243, 1048329.971311455592513 ], [ 8558842.359529754146934, 1048329.971311455592513 ], [ 8558842.359529754146934, 1048516.023252848535776 ], [ 8558718.324902158230543, 1048516.023252848535776 ], [ 8558718.324902158230543, 1048422.997282152064145 ], [ 8558687.316245259717107, 1048422.997282152064145 ], [ 8558532.27296076528728, 1048422.997282152064145 ], [ 8558532.27296076528728, 1048329.971311455592513 ], [ 8558439.246990069746971, 1048329.971311455592513 ], [ 8558439.246990069746971, 1048422.997282152064145 ], [ 8558315.212362473830581, 1048422.997282152064145 ], [ 8558315.212362473830581, 1048329.971311455592513 ], [ 8558222.186391778290272, 1048329.971311455592513 ], [ 8558222.186391778290272, 1048422.997282152064145 ], [ 8558284.203705575317144, 1048422.997282152064145 ], [ 8558315.212362473830581, 1048422.997282152064145 ], [ 8558315.212362473830581, 1048516.023252848535776 ], [ 8558501.264303866773844, 1048516.023252848535776 ], [ 8558532.27296076528728, 1048516.023252848535776 ], [ 8558532.27296076528728, 1048609.049223545007408 ], [ 8558222.186391778290272, 1048609.049223545007408 ], [ 8558222.186391778290272, 1048516.023252848535776 ], [ 8558129.160421080887318, 1048516.023252848535776 ], [ 8558129.160421080887318, 1048609.049223545007408 ], [ 8558005.125793484970927, 1048609.049223545007408 ], [ 8558005.125793484970927, 1048826.109821836696938 ], [ 8558191.17773487791419, 1048826.109821836696938 ], [ 8558222.186391778290272, 1048826.109821836696938 ], [ 8558222.186391778290272, 1048919.135792533168569 ], [ 8558005.125793484970927, 1048919.135792533168569 ], [ 8558005.125793484970927, 1049415.274302914272994 ], [ 8557912.099822789430618, 1049415.274302914272994 ], [ 8557912.099822789430618, 1049322.248332217801362 ], [ 8557726.047881396487355, 1049322.248332217801362 ], [ 8557726.047881396487355, 1049415.274302914272994 ], [ 8557508.987283105030656, 1049415.274302914272994 ], [ 8557508.987283105030656, 1049539.308930509723723 ], [ 8557012.848772723227739, 1049539.308930509723723 ], [ 8557012.848772723227739, 1049632.334901206195354 ], [ 8557074.866086522117257, 1049632.334901206195354 ], [ 8557105.874743420630693, 1049632.334901206195354 ], [ 8557105.874743420630693, 1049725.360871902666986 ], [ 8557291.926684813573956, 1049725.360871902666986 ], [ 8557322.935341712087393, 1049725.360871902666986 ], [ 8557322.935341712087393, 1049849.395499497884884 ], [ 8557602.013253800570965, 1049849.395499497884884 ], [ 8557602.013253800570965, 1049725.360871902666986 ], [ 8557726.047881396487355, 1049725.360871902666986 ], [ 8557726.047881396487355, 1049849.395499497884884 ], [ 8557788.065195193514228, 1049849.395499497884884 ], [ 8557819.073852092027664, 1049849.395499497884884 ], [ 8557819.073852092027664, 1050035.447440890828148 ], [ 8557881.091165890917182, 1050035.447440890828148 ], [ 8557912.099822789430618, 1050035.447440890828148 ], [ 8557912.099822789430618, 1050128.473411587299779 ], [ 8557726.047881396487355, 1050128.473411587299779 ], [ 8557726.047881396487355, 1050345.534009878989309 ], [ 8557602.013253800570965, 1050345.534009878989309 ], [ 8557602.013253800570965, 1050438.559980575460941 ], [ 8557819.073852092027664, 1050438.559980575460941 ], [ 8557819.073852092027664, 1050345.534009878989309 ], [ 8557912.099822789430618, 1050345.534009878989309 ], [ 8557912.099822789430618, 1050252.508039182517678 ], [ 8558005.125793484970927, 1050252.508039182517678 ], [ 8558005.125793484970927, 1050128.473411587299779 ], [ 8558222.186391778290272, 1050128.473411587299779 ], [ 8558222.186391778290272, 1049849.395499497884884 ], [ 8558439.246990069746971, 1049849.395499497884884 ], [ 8558439.246990069746971, 1049942.421470194356516 ], [ 8558501.264303866773844, 1049942.421470194356516 ], [ 8558532.27296076528728, 1049942.421470194356516 ], [ 8558532.27296076528728, 1050438.559980575460941 ], [ 8558439.246990069746971, 1050438.559980575460941 ], [ 8558439.246990069746971, 1050531.585951271932572 ], [ 8558315.212362473830581, 1050531.585951271932572 ], [ 8558315.212362473830581, 1050655.620578867150471 ], [ 8558222.186391778290272, 1050655.620578867150471 ], [ 8558222.186391778290272, 1050748.646549563622102 ], [ 8558129.160421080887318, 1050748.646549563622102 ], [ 8558129.160421080887318, 1050934.698490956565365 ], [ 8558005.125793484970927, 1050934.698490956565365 ], [ 8558005.125793484970927, 1051058.733118551783264 ], [ 8557726.047881396487355, 1051058.733118551783264 ], [ 8557726.047881396487355, 1051151.759089248254895 ], [ 8557602.013253800570965, 1051151.759089248254895 ] ], [ [ 8562687.43298520706594, 1044174.811287013697438 ], [ 8562687.43298520706594, 1044050.776659418363124 ], [ 8562656.424328308552504, 1044050.776659418363124 ], [ 8562563.398357613012195, 1044050.776659418363124 ], [ 8562563.398357613012195, 1043957.750688721891493 ], [ 8562687.43298520706594, 1043957.750688721891493 ], [ 8562687.43298520706594, 1043864.724718025536276 ], [ 8562873.484926600009203, 1043864.724718025536276 ], [ 8562873.484926600009203, 1043771.698747329064645 ], [ 8563059.536867992952466, 1043771.698747329064645 ], [ 8563090.545524891465902, 1043771.698747329064645 ], [ 8563090.545524891465902, 1044050.776659418363124 ], [ 8562780.458955904468894, 1044050.776659418363124 ], [ 8562780.458955904468894, 1044174.811287013697438 ], [ 8562687.43298520706594, 1044174.811287013697438 ] ], [ [ 8560237.749090200290084, 1041818.153362703276798 ], [ 8560237.749090200290084, 1041725.127392006805167 ], [ 8560206.740433301776648, 1041725.127392006805167 ], [ 8560051.697148807346821, 1041725.127392006805167 ], [ 8560051.697148807346821, 1041632.10142131044995 ], [ 8560020.688491908833385, 1041632.10142131044995 ], [ 8559648.584609122946858, 1041632.10142131044995 ], [ 8559648.584609122946858, 1041322.014852322172374 ], [ 8559741.610579820349813, 1041322.014852322172374 ], [ 8559741.610579820349813, 1041415.040823018644005 ], [ 8560113.714462606236339, 1041415.040823018644005 ], [ 8560144.723119504749775, 1041415.040823018644005 ], [ 8560144.723119504749775, 1041539.075450613978319 ], [ 8560206.740433301776648, 1041539.075450613978319 ], [ 8560237.749090200290084, 1041539.075450613978319 ], [ 8560237.749090200290084, 1041725.127392006805167 ], [ 8560330.775060897693038, 1041725.127392006805167 ], [ 8560361.783717796206474, 1041725.127392006805167 ], [ 8560361.783717796206474, 1041818.153362703276798 ], [ 8560237.749090200290084, 1041818.153362703276798 ] ], [ [ 8562470.372386915609241, 1044174.811287013697438 ], [ 8562470.372386915609241, 1044050.776659418363124 ], [ 8562439.363730017095804, 1044050.776659418363124 ], [ 8562377.346416220068932, 1044050.776659418363124 ], [ 8562377.346416220068932, 1043957.750688721891493 ], [ 8562470.372386915609241, 1043957.750688721891493 ], [ 8562470.372386915609241, 1044050.776659418363124 ], [ 8562532.389700712636113, 1044050.776659418363124 ], [ 8562563.398357613012195, 1044050.776659418363124 ], [ 8562563.398357613012195, 1044174.811287013697438 ], [ 8562470.372386915609241, 1044174.811287013697438 ] ], [ [ 8560237.749090200290084, 1043244.551580049097538 ], [ 8560330.775060897693038, 1043244.551580049097538 ], [ 8560361.783717796206474, 1043244.551580049097538 ], [ 8560361.783717796206474, 1043337.57755074556917 ], [ 8561043.974169570952654, 1043337.57755074556917 ], [ 8561043.974169570952654, 1043244.551580049097538 ], [ 8561261.034767862409353, 1043244.551580049097538 ], [ 8561261.034767862409353, 1043151.525609352625906 ], [ 8561323.052081659436226, 1043151.525609352625906 ], [ 8561354.060738557949662, 1043151.525609352625906 ], [ 8561354.060738557949662, 1043554.6381490372587 ], [ 8561168.008797165006399, 1043554.6381490372587 ], [ 8561168.008797165006399, 1043647.664119733730331 ], [ 8561043.974169570952654, 1043647.664119733730331 ], [ 8561043.974169570952654, 1043771.698747329064645 ], [ 8560950.9481988735497, 1043771.698747329064645 ], [ 8560950.9481988735497, 1043864.724718025536276 ], [ 8560857.922228178009391, 1043864.724718025536276 ], [ 8560857.922228178009391, 1043957.750688721891493 ], [ 8560919.939541975036263, 1043957.750688721891493 ], [ 8560950.9481988735497, 1043957.750688721891493 ], [ 8560950.9481988735497, 1044050.776659418363124 ], [ 8561540.112679950892925, 1044050.776659418363124 ], [ 8561571.121336849406362, 1044050.776659418363124 ], [ 8561571.121336849406362, 1044360.863228406640701 ], [ 8561168.008797165006399, 1044360.863228406640701 ], [ 8561168.008797165006399, 1044453.889199103112333 ], [ 8561043.974169570952654, 1044453.889199103112333 ], [ 8561043.974169570952654, 1044360.863228406640701 ], [ 8560950.9481988735497, 1044360.863228406640701 ], [ 8560950.9481988735497, 1044453.889199103112333 ], [ 8560857.922228178009391, 1044453.889199103112333 ], [ 8560857.922228178009391, 1044360.863228406640701 ], [ 8560826.913571277633309, 1044360.863228406640701 ], [ 8560764.896257480606437, 1044360.863228406640701 ], [ 8560764.896257480606437, 1044267.837257710169069 ], [ 8560640.861629884690046, 1044267.837257710169069 ], [ 8560640.861629884690046, 1044360.863228406640701 ], [ 8560454.809688491746783, 1044360.863228406640701 ], [ 8560454.809688491746783, 1044981.036366383079439 ], [ 8560361.783717796206474, 1044981.036366383079439 ], [ 8560361.783717796206474, 1045074.062337079434656 ], [ 8560454.809688491746783, 1045074.062337079434656 ], [ 8560454.809688491746783, 1044981.036366383079439 ], [ 8560764.896257480606437, 1044981.036366383079439 ], [ 8560764.896257480606437, 1044857.001738787745126 ], [ 8560826.913571277633309, 1044857.001738787745126 ], [ 8560857.922228178009391, 1044857.001738787745126 ], [ 8560857.922228178009391, 1045291.122935371240601 ], [ 8560764.896257480606437, 1045291.122935371240601 ], [ 8560764.896257480606437, 1045167.088307775906287 ], [ 8560733.887600582093, 1045167.088307775906287 ], [ 8560361.783717796206474, 1045167.088307775906287 ], [ 8560361.783717796206474, 1045074.062337079434656 ], [ 8560330.775060897693038, 1045074.062337079434656 ], [ 8560144.723119504749775, 1045074.062337079434656 ], [ 8560144.723119504749775, 1044577.923826698330231 ], [ 8560113.714462606236339, 1044577.923826698330231 ], [ 8560051.697148807346821, 1044577.923826698330231 ], [ 8560051.697148807346821, 1044670.949797394801863 ], [ 8559958.671178111806512, 1044670.949797394801863 ], [ 8559958.671178111806512, 1044763.975768091273494 ], [ 8559834.636550515890121, 1044763.975768091273494 ], [ 8559834.636550515890121, 1044577.923826698330231 ], [ 8559803.627893617376685, 1044577.923826698330231 ], [ 8559741.610579820349813, 1044577.923826698330231 ], [ 8559741.610579820349813, 1044360.863228406640701 ], [ 8559710.601922921836376, 1044360.863228406640701 ], [ 8559524.549981528893113, 1044360.863228406640701 ], [ 8559524.549981528893113, 1043957.750688721891493 ], [ 8559648.584609122946858, 1043957.750688721891493 ], [ 8559648.584609122946858, 1043864.724718025536276 ], [ 8559741.610579820349813, 1043864.724718025536276 ], [ 8559741.610579820349813, 1044050.776659418363124 ], [ 8560051.697148807346821, 1044050.776659418363124 ], [ 8560051.697148807346821, 1043957.750688721891493 ], [ 8560020.688491908833385, 1043957.750688721891493 ], [ 8559958.671178111806512, 1043957.750688721891493 ], [ 8559958.671178111806512, 1043864.724718025536276 ], [ 8560051.697148807346821, 1043864.724718025536276 ], [ 8560051.697148807346821, 1043647.664119733730331 ], [ 8560144.723119504749775, 1043647.664119733730331 ], [ 8560144.723119504749775, 1043554.6381490372587 ], [ 8560237.749090200290084, 1043554.6381490372587 ], [ 8560237.749090200290084, 1043337.57755074556917 ], [ 8560206.740433301776648, 1043337.57755074556917 ], [ 8560144.723119504749775, 1043337.57755074556917 ], [ 8560144.723119504749775, 1043058.499638656154275 ], [ 8560113.714462606236339, 1043058.499638656154275 ], [ 8559958.671178111806512, 1043058.499638656154275 ], [ 8559958.671178111806512, 1042934.465011060819961 ], [ 8560144.723119504749775, 1042934.465011060819961 ], [ 8560144.723119504749775, 1043058.499638656154275 ], [ 8560206.740433301776648, 1043058.499638656154275 ], [ 8560237.749090200290084, 1043058.499638656154275 ], [ 8560237.749090200290084, 1043244.551580049097538 ] ], [ [ 8568672.103766679763794, 1043957.750688721891493 ], [ 8568734.121080476790667, 1043957.750688721891493 ], [ 8568765.129737377166748, 1043957.750688721891493 ], [ 8568765.129737377166748, 1044174.811287013697438 ], [ 8568672.103766679763794, 1044174.811287013697438 ], [ 8568672.103766679763794, 1043957.750688721891493 ], [ 8568641.095109781250358, 1043957.750688721891493 ], [ 8568548.069139083847404, 1043957.750688721891493 ], [ 8568548.069139083847404, 1043864.724718025536276 ], [ 8568672.103766679763794, 1043864.724718025536276 ], [ 8568672.103766679763794, 1043957.750688721891493 ] ], [ [ 8564920.056281922385097, 1043337.57755074556917 ], [ 8565075.099566416814923, 1043337.57755074556917 ], [ 8565106.10822331532836, 1043337.57755074556917 ], [ 8565106.10822331532836, 1043461.612178340787068 ], [ 8565323.168821606785059, 1043461.612178340787068 ], [ 8565323.168821606785059, 1043244.551580049097538 ], [ 8565416.194792304188013, 1043244.551580049097538 ], [ 8565416.194792304188013, 1043151.525609352625906 ], [ 8565819.307331988587976, 1043151.525609352625906 ], [ 8565819.307331988587976, 1042934.465011060819961 ], [ 8565912.333302684128284, 1042934.465011060819961 ], [ 8565912.333302684128284, 1043151.525609352625906 ], [ 8566129.393900977447629, 1043151.525609352625906 ], [ 8566129.393900977447629, 1043058.499638656154275 ], [ 8566222.419871672987938, 1043058.499638656154275 ], [ 8566222.419871672987938, 1042934.465011060819961 ], [ 8566315.445842370390892, 1042934.465011060819961 ], [ 8566315.445842370390892, 1043058.499638656154275 ], [ 8566408.471813065931201, 1043058.499638656154275 ], [ 8566439.480469964444637, 1043058.499638656154275 ], [ 8566439.480469964444637, 1043151.525609352625906 ], [ 8566625.5324113573879, 1043151.525609352625906 ], [ 8566625.5324113573879, 1043058.499638656154275 ], [ 8566594.523754458874464, 1043058.499638656154275 ], [ 8566532.506440661847591, 1043058.499638656154275 ], [ 8566532.506440661847591, 1042748.413069667993113 ], [ 8566625.5324113573879, 1042748.413069667993113 ], [ 8566625.5324113573879, 1042531.352471376187168 ], [ 8566842.5930096488446, 1042531.352471376187168 ], [ 8566842.5930096488446, 1042748.413069667993113 ], [ 8567028.644951041787863, 1042748.413069667993113 ], [ 8567028.644951041787863, 1042655.387098971521482 ], [ 8567245.705549335107207, 1042655.387098971521482 ], [ 8567245.705549335107207, 1042531.352471376187168 ], [ 8567338.731520030647516, 1042531.352471376187168 ], [ 8567338.731520030647516, 1042438.326500679715537 ], [ 8567431.75749072805047, 1042438.326500679715537 ], [ 8567431.75749072805047, 1042252.274559286772273 ], [ 8567400.748833827674389, 1042252.274559286772273 ], [ 8567121.670921739190817, 1042252.274559286772273 ], [ 8567121.670921739190817, 1042128.239931691554375 ], [ 8567090.662264840677381, 1042128.239931691554375 ], [ 8566842.5930096488446, 1042128.239931691554375 ], [ 8566842.5930096488446, 1042035.213960995082743 ], [ 8566718.558382054790854, 1042035.213960995082743 ], [ 8566718.558382054790854, 1042128.239931691554375 ], [ 8566625.5324113573879, 1042128.239931691554375 ], [ 8566625.5324113573879, 1042252.274559286772273 ], [ 8565912.333302684128284, 1042252.274559286772273 ], [ 8565912.333302684128284, 1042128.239931691554375 ], [ 8565881.324645785614848, 1042128.239931691554375 ], [ 8565726.281361291185021, 1042128.239931691554375 ], [ 8565726.281361291185021, 1042035.213960995082743 ], [ 8565602.246733697131276, 1042035.213960995082743 ], [ 8565602.246733697131276, 1042252.274559286772273 ], [ 8565695.272704392671585, 1042252.274559286772273 ], [ 8565726.281361291185021, 1042252.274559286772273 ], [ 8565726.281361291185021, 1042345.300529983243905 ], [ 8566191.411214774474502, 1042345.300529983243905 ], [ 8566222.419871672987938, 1042345.300529983243905 ], [ 8566222.419871672987938, 1042655.387098971521482 ], [ 8566036.367930280044675, 1042655.387098971521482 ], [ 8566036.367930280044675, 1042748.413069667993113 ], [ 8565602.246733697131276, 1042748.413069667993113 ], [ 8565602.246733697131276, 1042841.43904036434833 ], [ 8565323.168821606785059, 1042841.43904036434833 ], [ 8565323.168821606785059, 1042934.465011060819961 ], [ 8565106.10822331532836, 1042934.465011060819961 ], [ 8565106.10822331532836, 1043058.499638656154275 ], [ 8564920.056281922385097, 1043058.499638656154275 ], [ 8564920.056281922385097, 1043151.525609352625906 ], [ 8564796.021654328331351, 1043151.525609352625906 ], [ 8564796.021654328331351, 1043244.551580049097538 ], [ 8564889.04762502387166, 1043244.551580049097538 ], [ 8564920.056281922385097, 1043244.551580049097538 ], [ 8564920.056281922385097, 1043337.57755074556917 ] ], [ [ 8562284.320445522665977, 1044050.776659418363124 ], [ 8562346.337759321555495, 1044050.776659418363124 ], [ 8562377.346416220068932, 1044050.776659418363124 ], [ 8562377.346416220068932, 1044174.811287013697438 ], [ 8561974.233876535668969, 1044174.811287013697438 ], [ 8561974.233876535668969, 1044050.776659418363124 ], [ 8561943.225219635292888, 1044050.776659418363124 ], [ 8561757.173278242349625, 1044050.776659418363124 ], [ 8561757.173278242349625, 1043957.750688721891493 ], [ 8561881.207905838266015, 1043957.750688721891493 ], [ 8561881.207905838266015, 1043864.724718025536276 ], [ 8561974.233876535668969, 1043864.724718025536276 ], [ 8561974.233876535668969, 1043771.698747329064645 ], [ 8562067.259847231209278, 1043771.698747329064645 ], [ 8562067.259847231209278, 1043554.6381490372587 ], [ 8562036.251190332695842, 1043554.6381490372587 ], [ 8561974.233876535668969, 1043554.6381490372587 ], [ 8561974.233876535668969, 1043461.612178340787068 ], [ 8561881.207905838266015, 1043461.612178340787068 ], [ 8561881.207905838266015, 1043554.6381490372587 ], [ 8561943.225219635292888, 1043554.6381490372587 ], [ 8561974.233876535668969, 1043554.6381490372587 ], [ 8561974.233876535668969, 1043647.664119733730331 ], [ 8561881.207905838266015, 1043647.664119733730331 ], [ 8561881.207905838266015, 1043554.6381490372587 ], [ 8561850.199248939752579, 1043554.6381490372587 ], [ 8561757.173278242349625, 1043554.6381490372587 ], [ 8561757.173278242349625, 1043337.57755074556917 ], [ 8561726.164621343836188, 1043337.57755074556917 ], [ 8561571.121336849406362, 1043337.57755074556917 ], [ 8561571.121336849406362, 1043244.551580049097538 ], [ 8561974.233876535668969, 1043244.551580049097538 ], [ 8561974.233876535668969, 1043151.525609352625906 ], [ 8562284.320445522665977, 1043151.525609352625906 ], [ 8562284.320445522665977, 1043244.551580049097538 ], [ 8562439.363730017095804, 1043244.551580049097538 ], [ 8562470.372386915609241, 1043244.551580049097538 ], [ 8562470.372386915609241, 1043337.57755074556917 ], [ 8562284.320445522665977, 1043337.57755074556917 ], [ 8562284.320445522665977, 1043461.612178340787068 ], [ 8562160.285817928612232, 1043461.612178340787068 ], [ 8562160.285817928612232, 1043554.6381490372587 ], [ 8562253.311788624152541, 1043554.6381490372587 ], [ 8562284.320445522665977, 1043554.6381490372587 ], [ 8562284.320445522665977, 1043647.664119733730331 ], [ 8562377.346416220068932, 1043647.664119733730331 ], [ 8562377.346416220068932, 1043554.6381490372587 ], [ 8562439.363730017095804, 1043554.6381490372587 ], [ 8562470.372386915609241, 1043554.6381490372587 ], [ 8562470.372386915609241, 1043864.724718025536276 ], [ 8562284.320445522665977, 1043864.724718025536276 ], [ 8562284.320445522665977, 1044050.776659418363124 ] ], [ [ 8559834.636550515890121, 1041942.187990298611112 ], [ 8559834.636550515890121, 1041818.153362703276798 ], [ 8560051.697148807346821, 1041818.153362703276798 ], [ 8560051.697148807346821, 1041725.127392006805167 ], [ 8560020.688491908833385, 1041725.127392006805167 ], [ 8559741.610579820349813, 1041725.127392006805167 ], [ 8559741.610579820349813, 1041818.153362703276798 ], [ 8559431.524010831490159, 1041818.153362703276798 ], [ 8559431.524010831490159, 1041725.127392006805167 ], [ 8559648.584609122946858, 1041725.127392006805167 ], [ 8559648.584609122946858, 1041632.10142131044995 ], [ 8559617.575952224433422, 1041632.10142131044995 ], [ 8559524.549981528893113, 1041632.10142131044995 ], [ 8559524.549981528893113, 1041539.075450613978319 ], [ 8559121.437441842630506, 1041539.075450613978319 ], [ 8559121.437441842630506, 1041632.10142131044995 ], [ 8559028.411471147090197, 1041632.10142131044995 ], [ 8559028.411471147090197, 1041818.153362703276798 ], [ 8559090.428784944117069, 1041818.153362703276798 ], [ 8559121.437441842630506, 1041818.153362703276798 ], [ 8559121.437441842630506, 1042035.213960995082743 ], [ 8559245.472069438546896, 1042035.213960995082743 ], [ 8559245.472069438546896, 1041942.187990298611112 ], [ 8559493.541324628517032, 1041942.187990298611112 ], [ 8559524.549981528893113, 1041942.187990298611112 ], [ 8559524.549981528893113, 1042438.326500679715537 ], [ 8559648.584609122946858, 1042438.326500679715537 ], [ 8559648.584609122946858, 1042345.300529983243905 ], [ 8559741.610579820349813, 1042345.300529983243905 ], [ 8559741.610579820349813, 1042252.274559286772273 ], [ 8559834.636550515890121, 1042252.274559286772273 ], [ 8559834.636550515890121, 1042035.213960995082743 ], [ 8559958.671178111806512, 1042035.213960995082743 ], [ 8559958.671178111806512, 1041942.187990298611112 ], [ 8559927.662521213293076, 1041942.187990298611112 ], [ 8559834.636550515890121, 1041942.187990298611112 ] ], [ [ 8560640.861629884690046, 1044577.923826698330231 ], [ 8560764.896257480606437, 1044577.923826698330231 ], [ 8560764.896257480606437, 1044453.889199103112333 ], [ 8560640.861629884690046, 1044453.889199103112333 ], [ 8560640.861629884690046, 1044577.923826698330231 ] ], [ [ 8557819.073852092027664, 1044050.776659418363124 ], [ 8557819.073852092027664, 1043864.724718025536276 ], [ 8557602.013253800570965, 1043864.724718025536276 ], [ 8557602.013253800570965, 1044050.776659418363124 ], [ 8557508.987283105030656, 1044050.776659418363124 ], [ 8557508.987283105030656, 1043864.724718025536276 ], [ 8557602.013253800570965, 1043864.724718025536276 ], [ 8557602.013253800570965, 1043771.698747329064645 ], [ 8557726.047881396487355, 1043771.698747329064645 ], [ 8557726.047881396487355, 1043647.664119733730331 ], [ 8557912.099822789430618, 1043647.664119733730331 ], [ 8557912.099822789430618, 1043244.551580049097538 ], [ 8558005.125793484970927, 1043244.551580049097538 ], [ 8558005.125793484970927, 1043864.724718025536276 ], [ 8557912.099822789430618, 1043864.724718025536276 ], [ 8557912.099822789430618, 1044050.776659418363124 ], [ 8557819.073852092027664, 1044050.776659418363124 ] ], [ [ 8558532.27296076528728, 1046190.373985436977819 ], [ 8558594.290274564176798, 1046190.373985436977819 ], [ 8558625.298931462690234, 1046190.373985436977819 ], [ 8558625.298931462690234, 1046283.39995613344945 ], [ 8558811.350872855633497, 1046283.39995613344945 ], [ 8558842.359529754146934, 1046283.39995613344945 ], [ 8558842.359529754146934, 1046376.425926829921082 ], [ 8558718.324902158230543, 1046376.425926829921082 ], [ 8558718.324902158230543, 1046500.460554425255395 ], [ 8558532.27296076528728, 1046500.460554425255395 ], [ 8558532.27296076528728, 1046686.512495818198659 ], [ 8558687.316245259717107, 1046686.512495818198659 ], [ 8558718.324902158230543, 1046686.512495818198659 ], [ 8558718.324902158230543, 1046996.59906480635982 ], [ 8558811.350872855633497, 1046996.59906480635982 ], [ 8558842.359529754146934, 1046996.59906480635982 ], [ 8558842.359529754146934, 1047089.625035502831452 ], [ 8558935.385500449687243, 1047089.625035502831452 ], [ 8558935.385500449687243, 1046996.59906480635982 ], [ 8559028.411471147090197, 1046996.59906480635982 ], [ 8559028.411471147090197, 1046903.573094109888189 ], [ 8559121.437441842630506, 1046903.573094109888189 ], [ 8559121.437441842630506, 1046810.547123413416557 ], [ 8559338.49804013594985, 1046810.547123413416557 ], [ 8559338.49804013594985, 1046686.512495818198659 ], [ 8559307.489383235573769, 1046686.512495818198659 ], [ 8559245.472069438546896, 1046686.512495818198659 ], [ 8559245.472069438546896, 1046593.486525121727027 ], [ 8559338.49804013594985, 1046593.486525121727027 ], [ 8559338.49804013594985, 1046500.460554425255395 ], [ 8559741.610579820349813, 1046500.460554425255395 ], [ 8559741.610579820349813, 1045973.313387145288289 ], [ 8559710.601922921836376, 1045973.313387145288289 ], [ 8559648.584609122946858, 1045973.313387145288289 ], [ 8559648.584609122946858, 1045880.287416448816657 ], [ 8559245.472069438546896, 1045880.287416448816657 ], [ 8559245.472069438546896, 1045973.313387145288289 ], [ 8558935.385500449687243, 1045973.313387145288289 ], [ 8558935.385500449687243, 1045880.287416448816657 ], [ 8558625.298931462690234, 1045880.287416448816657 ], [ 8558625.298931462690234, 1045973.313387145288289 ], [ 8558532.27296076528728, 1045973.313387145288289 ], [ 8558532.27296076528728, 1046190.373985436977819 ] ], [ [ 8563586.684035273268819, 1043864.724718025536276 ], [ 8563586.684035273268819, 1043771.698747329064645 ], [ 8563555.675378374755383, 1043771.698747329064645 ], [ 8563400.632093880325556, 1043771.698747329064645 ], [ 8563400.632093880325556, 1043554.6381490372587 ], [ 8563493.65806457772851, 1043554.6381490372587 ], [ 8563493.65806457772851, 1043647.664119733730331 ], [ 8563586.684035273268819, 1043647.664119733730331 ], [ 8563586.684035273268819, 1043554.6381490372587 ], [ 8563679.710005970671773, 1043554.6381490372587 ], [ 8563679.710005970671773, 1043647.664119733730331 ], [ 8563772.735976666212082, 1043647.664119733730331 ], [ 8563803.744633564725518, 1043647.664119733730331 ], [ 8563803.744633564725518, 1043957.750688721891493 ], [ 8563679.710005970671773, 1043957.750688721891493 ], [ 8563679.710005970671773, 1043864.724718025536276 ], [ 8563648.701349070295691, 1043864.724718025536276 ], [ 8563586.684035273268819, 1043864.724718025536276 ] ], [ [ 8567741.844059715047479, 1043151.525609352625906 ], [ 8567741.844059715047479, 1042655.387098971521482 ], [ 8567834.870030412450433, 1042655.387098971521482 ], [ 8567834.870030412450433, 1042531.352471376187168 ], [ 8567958.904658006504178, 1042531.352471376187168 ], [ 8567958.904658006504178, 1042438.326500679715537 ], [ 8568051.930628703907132, 1042438.326500679715537 ], [ 8568051.930628703907132, 1042531.352471376187168 ], [ 8567958.904658006504178, 1042531.352471376187168 ], [ 8567958.904658006504178, 1042655.387098971521482 ], [ 8567834.870030412450433, 1042655.387098971521482 ], [ 8567834.870030412450433, 1043151.525609352625906 ], [ 8567741.844059715047479, 1043151.525609352625906 ] ], [ [ 8566036.367930280044675, 1038593.253045225981623 ], [ 8566036.367930280044675, 1038500.227074529509991 ], [ 8565912.333302684128284, 1038500.227074529509991 ], [ 8565912.333302684128284, 1038593.253045225981623 ], [ 8565726.281361291185021, 1038593.253045225981623 ], [ 8565726.281361291185021, 1038779.304986618924886 ], [ 8565602.246733697131276, 1038779.304986618924886 ], [ 8565602.246733697131276, 1038903.339614214142784 ], [ 8565509.220762999728322, 1038903.339614214142784 ], [ 8565509.220762999728322, 1038996.365584910614416 ], [ 8565416.194792304188013, 1038996.365584910614416 ], [ 8565416.194792304188013, 1039089.391555607086048 ], [ 8565323.168821606785059, 1039089.391555607086048 ], [ 8565323.168821606785059, 1039492.504095291718841 ], [ 8565416.194792304188013, 1039492.504095291718841 ], [ 8565416.194792304188013, 1039399.478124595363624 ], [ 8565509.220762999728322, 1039399.478124595363624 ], [ 8565509.220762999728322, 1039306.452153898891993 ], [ 8565602.246733697131276, 1039306.452153898891993 ], [ 8565602.246733697131276, 1039182.417526303557679 ], [ 8565726.281361291185021, 1039182.417526303557679 ], [ 8565726.281361291185021, 1039306.452153898891993 ], [ 8565819.307331988587976, 1039306.452153898891993 ], [ 8565819.307331988587976, 1038996.365584910614416 ], [ 8565912.333302684128284, 1038996.365584910614416 ], [ 8565912.333302684128284, 1038903.339614214142784 ], [ 8566036.367930280044675, 1038903.339614214142784 ], [ 8566036.367930280044675, 1038779.304986618924886 ], [ 8566129.393900977447629, 1038779.304986618924886 ], [ 8566129.393900977447629, 1038686.279015922453254 ], [ 8566315.445842370390892, 1038686.279015922453254 ], [ 8566315.445842370390892, 1038593.253045225981623 ], [ 8566284.437185470014811, 1038593.253045225981623 ], [ 8566036.367930280044675, 1038593.253045225981623 ] ], [ [ 8556919.82280202768743, 1045291.122935371240601 ], [ 8556919.82280202768743, 1045167.088307775906287 ], [ 8557012.848772723227739, 1045167.088307775906287 ], [ 8557012.848772723227739, 1045291.122935371240601 ], [ 8556919.82280202768743, 1045291.122935371240601 ] ], [ [ 8557726.047881396487355, 1046190.373985436977819 ], [ 8557819.073852092027664, 1046190.373985436977819 ], [ 8557819.073852092027664, 1046097.348014740622602 ], [ 8557726.047881396487355, 1046097.348014740622602 ], [ 8557726.047881396487355, 1046190.373985436977819 ] ], [ [ 8557819.073852092027664, 1046500.460554425255395 ], [ 8557819.073852092027664, 1046376.425926829921082 ], [ 8557912.099822789430618, 1046376.425926829921082 ], [ 8557912.099822789430618, 1046500.460554425255395 ], [ 8557819.073852092027664, 1046500.460554425255395 ] ], [ [ 8556795.78817443177104, 1050345.534009878989309 ], [ 8556795.78817443177104, 1050252.508039182517678 ], [ 8556919.82280202768743, 1050252.508039182517678 ], [ 8556919.82280202768743, 1050345.534009878989309 ], [ 8556795.78817443177104, 1050345.534009878989309 ] ], [ [ 8559834.636550515890121, 1042438.326500679715537 ], [ 8560051.697148807346821, 1042438.326500679715537 ], [ 8560051.697148807346821, 1042345.300529983243905 ], [ 8559834.636550515890121, 1042345.300529983243905 ], [ 8559834.636550515890121, 1042438.326500679715537 ] ], [ [ 8571586.91751516982913, 1045074.062337079434656 ], [ 8571679.943485865369439, 1045074.062337079434656 ], [ 8571710.952142763882875, 1045074.062337079434656 ], [ 8571710.952142763882875, 1045167.088307775906287 ], [ 8571493.891544472426176, 1045167.088307775906287 ], [ 8571493.891544472426176, 1044981.036366383079439 ], [ 8571586.91751516982913, 1044981.036366383079439 ], [ 8571586.91751516982913, 1045074.062337079434656 ] ], [ [ 8568362.01719769090414, 1043647.664119733730331 ], [ 8568455.043168388307095, 1043647.664119733730331 ], [ 8568455.043168388307095, 1043554.6381490372587 ], [ 8568362.01719769090414, 1043554.6381490372587 ], [ 8568362.01719769090414, 1043647.664119733730331 ] ], [ [ 8569354.294218454509974, 1045074.062337079434656 ], [ 8569571.354816745966673, 1045074.062337079434656 ], [ 8569571.354816745966673, 1044981.036366383079439 ], [ 8569354.294218454509974, 1044981.036366383079439 ], [ 8569354.294218454509974, 1045074.062337079434656 ] ], [ [ 8568237.982570096850395, 1043461.612178340787068 ], [ 8568237.982570096850395, 1043337.57755074556917 ], [ 8568362.01719769090414, 1043337.57755074556917 ], [ 8568362.01719769090414, 1043461.612178340787068 ], [ 8568237.982570096850395, 1043461.612178340787068 ] ], [ [ 8560950.9481988735497, 1045167.088307775906287 ], [ 8561043.974169570952654, 1045167.088307775906287 ], [ 8561043.974169570952654, 1045074.062337079434656 ], [ 8561261.034767862409353, 1045074.062337079434656 ], [ 8561261.034767862409353, 1044981.036366383079439 ], [ 8561043.974169570952654, 1044981.036366383079439 ], [ 8561043.974169570952654, 1045074.062337079434656 ], [ 8560950.9481988735497, 1045074.062337079434656 ], [ 8560950.9481988735497, 1045167.088307775906287 ] ], [ [ 8561571.121336849406362, 1044050.776659418363124 ], [ 8561571.121336849406362, 1043864.724718025536276 ], [ 8561664.147307546809316, 1043864.724718025536276 ], [ 8561664.147307546809316, 1043771.698747329064645 ], [ 8561757.173278242349625, 1043771.698747329064645 ], [ 8561757.173278242349625, 1043864.724718025536276 ], [ 8561664.147307546809316, 1043864.724718025536276 ], [ 8561664.147307546809316, 1044050.776659418363124 ], [ 8561726.164621343836188, 1044050.776659418363124 ], [ 8561757.173278242349625, 1044050.776659418363124 ], [ 8561757.173278242349625, 1044174.811287013697438 ], [ 8561664.147307546809316, 1044174.811287013697438 ], [ 8561664.147307546809316, 1044050.776659418363124 ], [ 8561633.138650648295879, 1044050.776659418363124 ], [ 8561571.121336849406362, 1044050.776659418363124 ] ], [ [ 8555896.537124365568161, 1049849.395499497884884 ], [ 8555896.537124365568161, 1049725.360871902666986 ], [ 8555989.563095062971115, 1049725.360871902666986 ], [ 8555989.563095062971115, 1049849.395499497884884 ], [ 8555896.537124365568161, 1049849.395499497884884 ] ], [ [ 8570191.527954721823335, 1046283.39995613344945 ], [ 8570191.527954721823335, 1046190.373985436977819 ], [ 8570284.553925419226289, 1046190.373985436977819 ], [ 8570284.553925419226289, 1046283.39995613344945 ], [ 8570191.527954721823335, 1046283.39995613344945 ] ], [ [ 8556609.736233038827777, 1044981.036366383079439 ], [ 8556764.779517533257604, 1044981.036366383079439 ], [ 8556795.78817443177104, 1044981.036366383079439 ], [ 8556795.78817443177104, 1045074.062337079434656 ], [ 8556609.736233038827777, 1045074.062337079434656 ], [ 8556609.736233038827777, 1045167.088307775906287 ], [ 8556485.701605442911386, 1045167.088307775906287 ], [ 8556485.701605442911386, 1045384.148906067712232 ], [ 8556392.675634747371078, 1045384.148906067712232 ], [ 8556392.675634747371078, 1045477.174876764183864 ], [ 8556454.69294854439795, 1045477.174876764183864 ], [ 8556485.701605442911386, 1045477.174876764183864 ], [ 8556485.701605442911386, 1045570.200847460655496 ], [ 8556299.649664049968123, 1045570.200847460655496 ], [ 8556299.649664049968123, 1045694.235475055873394 ], [ 8556082.589065758511424, 1045694.235475055873394 ], [ 8556082.589065758511424, 1045787.261445752345026 ], [ 8556175.615036455914378, 1045787.261445752345026 ], [ 8556206.623693354427814, 1045787.261445752345026 ], [ 8556206.623693354427814, 1045880.287416448816657 ], [ 8556299.649664049968123, 1045880.287416448816657 ], [ 8556299.649664049968123, 1045787.261445752345026 ], [ 8556454.69294854439795, 1045787.261445752345026 ], [ 8556485.701605442911386, 1045787.261445752345026 ], [ 8556485.701605442911386, 1046097.348014740622602 ], [ 8556578.727576140314341, 1046097.348014740622602 ], [ 8556609.736233038827777, 1046097.348014740622602 ], [ 8556609.736233038827777, 1046190.373985436977819 ], [ 8556702.762203736230731, 1046190.373985436977819 ], [ 8556702.762203736230731, 1045880.287416448816657 ], [ 8556671.75354683585465, 1045880.287416448816657 ], [ 8556609.736233038827777, 1045880.287416448816657 ], [ 8556609.736233038827777, 1045694.235475055873394 ], [ 8556702.762203736230731, 1045694.235475055873394 ], [ 8556702.762203736230731, 1045477.174876764183864 ], [ 8556795.78817443177104, 1045477.174876764183864 ], [ 8556795.78817443177104, 1045570.200847460655496 ], [ 8556919.82280202768743, 1045570.200847460655496 ], [ 8556919.82280202768743, 1045384.148906067712232 ], [ 8556888.814145129173994, 1045384.148906067712232 ], [ 8556702.762203736230731, 1045384.148906067712232 ], [ 8556702.762203736230731, 1045291.122935371240601 ], [ 8556671.75354683585465, 1045291.122935371240601 ], [ 8556609.736233038827777, 1045291.122935371240601 ], [ 8556609.736233038827777, 1045167.088307775906287 ], [ 8556702.762203736230731, 1045167.088307775906287 ], [ 8556702.762203736230731, 1045291.122935371240601 ], [ 8556888.814145129173994, 1045291.122935371240601 ], [ 8556919.82280202768743, 1045291.122935371240601 ], [ 8556919.82280202768743, 1045384.148906067712232 ], [ 8557322.935341712087393, 1045384.148906067712232 ], [ 8557322.935341712087393, 1045291.122935371240601 ], [ 8557415.961312407627702, 1045291.122935371240601 ], [ 8557415.961312407627702, 1045167.088307775906287 ], [ 8557602.013253800570965, 1045167.088307775906287 ], [ 8557602.013253800570965, 1045074.062337079434656 ], [ 8557726.047881396487355, 1045074.062337079434656 ], [ 8557726.047881396487355, 1044981.036366383079439 ], [ 8557695.039224497973919, 1044981.036366383079439 ], [ 8557602.013253800570965, 1044981.036366383079439 ], [ 8557602.013253800570965, 1044857.001738787745126 ], [ 8557571.004596902057528, 1044857.001738787745126 ], [ 8557508.987283105030656, 1044857.001738787745126 ], [ 8557508.987283105030656, 1044763.975768091273494 ], [ 8557477.97862620651722, 1044763.975768091273494 ], [ 8557415.961312407627702, 1044763.975768091273494 ], [ 8557415.961312407627702, 1044670.949797394801863 ], [ 8557384.952655509114265, 1044670.949797394801863 ], [ 8557322.935341712087393, 1044670.949797394801863 ], [ 8557322.935341712087393, 1044577.923826698330231 ], [ 8557291.926684813573956, 1044577.923826698330231 ], [ 8557105.874743420630693, 1044577.923826698330231 ], [ 8557105.874743420630693, 1044453.889199103112333 ], [ 8557074.866086522117257, 1044453.889199103112333 ], [ 8557012.848772723227739, 1044453.889199103112333 ], [ 8557012.848772723227739, 1044267.837257710169069 ], [ 8556919.82280202768743, 1044267.837257710169069 ], [ 8556919.82280202768743, 1044577.923826698330231 ], [ 8556795.78817443177104, 1044577.923826698330231 ], [ 8556795.78817443177104, 1044857.001738787745126 ], [ 8556609.736233038827777, 1044857.001738787745126 ], [ 8556609.736233038827777, 1044981.036366383079439 ] ], [ [ 8559958.671178111806512, 1043554.6381490372587 ], [ 8560051.697148807346821, 1043554.6381490372587 ], [ 8560051.697148807346821, 1043461.612178340787068 ], [ 8559958.671178111806512, 1043461.612178340787068 ], [ 8559958.671178111806512, 1043554.6381490372587 ] ], [ [ 8563090.545524891465902, 1044267.837257710169069 ], [ 8563183.571495588868856, 1044267.837257710169069 ], [ 8563183.571495588868856, 1044174.811287013697438 ], [ 8563276.597466284409165, 1044174.811287013697438 ], [ 8563276.597466284409165, 1044050.776659418363124 ], [ 8563183.571495588868856, 1044050.776659418363124 ], [ 8563183.571495588868856, 1044174.811287013697438 ], [ 8563090.545524891465902, 1044174.811287013697438 ], [ 8563090.545524891465902, 1044267.837257710169069 ] ], [ [ 8569881.441385734826326, 1045973.313387145288289 ], [ 8569881.441385734826326, 1045787.261445752345026 ], [ 8569974.467356430366635, 1045787.261445752345026 ], [ 8569974.467356430366635, 1045973.313387145288289 ], [ 8569881.441385734826326, 1045973.313387145288289 ] ], [ [ 8568858.155708072707057, 1043058.499638656154275 ], [ 8568858.155708072707057, 1042934.465011060819961 ], [ 8568765.129737377166748, 1042934.465011060819961 ], [ 8568765.129737377166748, 1043058.499638656154275 ], [ 8568672.103766679763794, 1043058.499638656154275 ], [ 8568672.103766679763794, 1042841.43904036434833 ], [ 8568641.095109781250358, 1042841.43904036434833 ], [ 8568548.069139083847404, 1042841.43904036434833 ], [ 8568548.069139083847404, 1042345.300529983243905 ], [ 8568672.103766679763794, 1042345.300529983243905 ], [ 8568672.103766679763794, 1042128.239931691554375 ], [ 8568765.129737377166748, 1042128.239931691554375 ], [ 8568765.129737377166748, 1042035.213960995082743 ], [ 8569075.216306364163756, 1042035.213960995082743 ], [ 8569075.216306364163756, 1041942.187990298611112 ], [ 8569261.268247757107019, 1041942.187990298611112 ], [ 8569261.268247757107019, 1042035.213960995082743 ], [ 8569168.24227706156671, 1042035.213960995082743 ], [ 8569168.24227706156671, 1042128.239931691554375 ], [ 8569354.294218454509974, 1042128.239931691554375 ], [ 8569354.294218454509974, 1042035.213960995082743 ], [ 8569478.328846048563719, 1042035.213960995082743 ], [ 8569478.328846048563719, 1041942.187990298611112 ], [ 8569571.354816745966673, 1041942.187990298611112 ], [ 8569571.354816745966673, 1042035.213960995082743 ], [ 8569943.458699531853199, 1042035.213960995082743 ], [ 8569974.467356430366635, 1042035.213960995082743 ], [ 8569974.467356430366635, 1042128.239931691554375 ], [ 8569757.406758138909936, 1042128.239931691554375 ], [ 8569757.406758138909936, 1042438.326500679715537 ], [ 8569850.432728834450245, 1042438.326500679715537 ], [ 8569881.441385734826326, 1042438.326500679715537 ], [ 8569881.441385734826326, 1042655.387098971521482 ], [ 8569478.328846048563719, 1042655.387098971521482 ], [ 8569478.328846048563719, 1042748.413069667993113 ], [ 8569168.24227706156671, 1042748.413069667993113 ], [ 8569168.24227706156671, 1042841.43904036434833 ], [ 8569075.216306364163756, 1042841.43904036434833 ], [ 8569075.216306364163756, 1042934.465011060819961 ], [ 8568951.181678770110011, 1042934.465011060819961 ], [ 8568951.181678770110011, 1043058.499638656154275 ], [ 8568858.155708072707057, 1043058.499638656154275 ] ], [ [ 8570687.666465103626251, 1045973.313387145288289 ], [ 8570687.666465103626251, 1045880.287416448816657 ], [ 8570780.69243579916656, 1045880.287416448816657 ], [ 8570780.69243579916656, 1045973.313387145288289 ], [ 8570687.666465103626251, 1045973.313387145288289 ] ], [ [ 8566129.393900977447629, 1038903.339614214142784 ], [ 8566129.393900977447629, 1038779.304986618924886 ], [ 8566222.419871672987938, 1038779.304986618924886 ], [ 8566222.419871672987938, 1038903.339614214142784 ], [ 8566129.393900977447629, 1038903.339614214142784 ] ], [ [ 8568144.956599399447441, 1043151.525609352625906 ], [ 8568144.956599399447441, 1042531.352471376187168 ], [ 8568237.982570096850395, 1042531.352471376187168 ], [ 8568237.982570096850395, 1043151.525609352625906 ], [ 8568144.956599399447441, 1043151.525609352625906 ] ], [ [ 8569168.24227706156671, 1045167.088307775906287 ], [ 8569261.268247757107019, 1045167.088307775906287 ], [ 8569261.268247757107019, 1045074.062337079434656 ], [ 8569168.24227706156671, 1045074.062337079434656 ], [ 8569168.24227706156671, 1045167.088307775906287 ] ], [ [ 8557105.874743420630693, 1044267.837257710169069 ], [ 8557105.874743420630693, 1044174.811287013697438 ], [ 8557074.866086522117257, 1044174.811287013697438 ], [ 8557012.848772723227739, 1044174.811287013697438 ], [ 8557012.848772723227739, 1044050.776659418363124 ], [ 8557198.900714116171002, 1044050.776659418363124 ], [ 8557198.900714116171002, 1044174.811287013697438 ], [ 8557291.926684813573956, 1044174.811287013697438 ], [ 8557322.935341712087393, 1044174.811287013697438 ], [ 8557322.935341712087393, 1044267.837257710169069 ], [ 8557105.874743420630693, 1044267.837257710169069 ] ], [ [ 8568858.155708072707057, 1044857.001738787745126 ], [ 8568920.17302186973393, 1044857.001738787745126 ], [ 8568951.181678770110011, 1044857.001738787745126 ], [ 8568951.181678770110011, 1045167.088307775906287 ], [ 8569075.216306364163756, 1045167.088307775906287 ], [ 8569075.216306364163756, 1044857.001738787745126 ], [ 8569044.20764946565032, 1044857.001738787745126 ], [ 8568951.181678770110011, 1044857.001738787745126 ], [ 8568951.181678770110011, 1044763.975768091273494 ], [ 8568858.155708072707057, 1044763.975768091273494 ], [ 8568858.155708072707057, 1044857.001738787745126 ] ], [ [ 8555493.424584681168199, 1047306.685633794520982 ], [ 8555586.450555378571153, 1047306.685633794520982 ], [ 8555586.450555378571153, 1047213.659663098165765 ], [ 8555493.424584681168199, 1047213.659663098165765 ], [ 8555493.424584681168199, 1047306.685633794520982 ] ], [ [ 8562687.43298520706594, 1044453.889199103112333 ], [ 8562780.458955904468894, 1044453.889199103112333 ], [ 8562780.458955904468894, 1044360.863228406640701 ], [ 8562997.519554195925593, 1044360.863228406640701 ], [ 8562997.519554195925593, 1044267.837257710169069 ], [ 8562780.458955904468894, 1044267.837257710169069 ], [ 8562780.458955904468894, 1044360.863228406640701 ], [ 8562687.43298520706594, 1044360.863228406640701 ], [ 8562687.43298520706594, 1044453.889199103112333 ] ], [ [ 8571183.804975483566523, 1045787.261445752345026 ], [ 8571183.804975483566523, 1045694.235475055873394 ], [ 8571276.830946180969477, 1045694.235475055873394 ], [ 8571276.830946180969477, 1045570.200847460655496 ], [ 8571400.865573776885867, 1045570.200847460655496 ], [ 8571400.865573776885867, 1045694.235475055873394 ], [ 8571276.830946180969477, 1045694.235475055873394 ], [ 8571276.830946180969477, 1045787.261445752345026 ], [ 8571183.804975483566523, 1045787.261445752345026 ] ], [ [ 8570377.579896114766598, 1046190.373985436977819 ], [ 8570470.605866812169552, 1046190.373985436977819 ], [ 8570470.605866812169552, 1046097.348014740622602 ], [ 8570377.579896114766598, 1046097.348014740622602 ], [ 8570377.579896114766598, 1046190.373985436977819 ] ], [ [ 8569571.354816745966673, 1045570.200847460655496 ], [ 8569664.380787441506982, 1045570.200847460655496 ], [ 8569664.380787441506982, 1045477.174876764183864 ], [ 8569757.406758138909936, 1045477.174876764183864 ], [ 8569757.406758138909936, 1045384.148906067712232 ], [ 8569881.441385734826326, 1045384.148906067712232 ], [ 8569881.441385734826326, 1045167.088307775906287 ], [ 8569757.406758138909936, 1045167.088307775906287 ], [ 8569757.406758138909936, 1045384.148906067712232 ], [ 8569664.380787441506982, 1045384.148906067712232 ], [ 8569664.380787441506982, 1045477.174876764183864 ], [ 8569571.354816745966673, 1045477.174876764183864 ], [ 8569571.354816745966673, 1045570.200847460655496 ] ], [ [ 8557012.848772723227739, 1045694.235475055873394 ], [ 8557415.961312407627702, 1045694.235475055873394 ], [ 8557415.961312407627702, 1045570.200847460655496 ], [ 8557508.987283105030656, 1045570.200847460655496 ], [ 8557508.987283105030656, 1045477.174876764183864 ], [ 8557012.848772723227739, 1045477.174876764183864 ], [ 8557012.848772723227739, 1045694.235475055873394 ] ], [ [ 8567121.670921739190817, 1045167.088307775906287 ], [ 8567121.670921739190817, 1045074.062337079434656 ], [ 8567245.705549335107207, 1045074.062337079434656 ], [ 8567245.705549335107207, 1045167.088307775906287 ], [ 8567121.670921739190817, 1045167.088307775906287 ] ], [ [ 8566935.618980346247554, 1043771.698747329064645 ], [ 8567121.670921739190817, 1043771.698747329064645 ], [ 8567121.670921739190817, 1043647.664119733730331 ], [ 8566935.618980346247554, 1043647.664119733730331 ], [ 8566935.618980346247554, 1043771.698747329064645 ] ], [ [ 8556919.82280202768743, 1042841.43904036434833 ], [ 8557012.848772723227739, 1042841.43904036434833 ], [ 8557012.848772723227739, 1042748.413069667993113 ], [ 8556919.82280202768743, 1042748.413069667993113 ], [ 8556919.82280202768743, 1042841.43904036434833 ] ], [ [ 8566439.480469964444637, 1039802.590664279996417 ], [ 8566439.480469964444637, 1039709.564693583524786 ], [ 8566532.506440661847591, 1039709.564693583524786 ], [ 8566532.506440661847591, 1039802.590664279996417 ], [ 8566439.480469964444637, 1039802.590664279996417 ] ], [ [ 8571493.891544472426176, 1045477.174876764183864 ], [ 8571493.891544472426176, 1045384.148906067712232 ], [ 8571586.91751516982913, 1045384.148906067712232 ], [ 8571586.91751516982913, 1045477.174876764183864 ], [ 8571493.891544472426176, 1045477.174876764183864 ] ], [ [ 8562470.372386915609241, 1043554.6381490372587 ], [ 8562687.43298520706594, 1043554.6381490372587 ], [ 8562687.43298520706594, 1043461.612178340787068 ], [ 8562470.372386915609241, 1043461.612178340787068 ], [ 8562470.372386915609241, 1043554.6381490372587 ] ], [ [ 8570873.718406496569514, 1045880.287416448816657 ], [ 8570873.718406496569514, 1045787.261445752345026 ], [ 8570997.75303409062326, 1045787.261445752345026 ], [ 8570997.75303409062326, 1045880.287416448816657 ], [ 8570873.718406496569514, 1045880.287416448816657 ] ], [ [ 8562563.398357613012195, 1043771.698747329064645 ], [ 8562563.398357613012195, 1043647.664119733730331 ], [ 8562687.43298520706594, 1043647.664119733730331 ], [ 8562687.43298520706594, 1043771.698747329064645 ], [ 8562563.398357613012195, 1043771.698747329064645 ] ], [ [ 8569974.467356430366635, 1046283.39995613344945 ], [ 8569974.467356430366635, 1046190.373985436977819 ], [ 8570067.493327125906944, 1046190.373985436977819 ], [ 8570067.493327125906944, 1046283.39995613344945 ], [ 8569974.467356430366635, 1046283.39995613344945 ] ], [ [ 8567245.705549335107207, 1043771.698747329064645 ], [ 8567338.731520030647516, 1043771.698747329064645 ], [ 8567338.731520030647516, 1043647.664119733730331 ], [ 8567431.75749072805047, 1043647.664119733730331 ], [ 8567431.75749072805047, 1043554.6381490372587 ], [ 8567555.792118322104216, 1043554.6381490372587 ], [ 8567555.792118322104216, 1043461.612178340787068 ], [ 8567648.81808901950717, 1043461.612178340787068 ], [ 8567648.81808901950717, 1043337.57755074556917 ], [ 8567555.792118322104216, 1043337.57755074556917 ], [ 8567555.792118322104216, 1043461.612178340787068 ], [ 8567431.75749072805047, 1043461.612178340787068 ], [ 8567431.75749072805047, 1043554.6381490372587 ], [ 8567338.731520030647516, 1043554.6381490372587 ], [ 8567338.731520030647516, 1043647.664119733730331 ], [ 8567245.705549335107207, 1043647.664119733730331 ], [ 8567245.705549335107207, 1043771.698747329064645 ] ] ] } },
{ "type": "Feature", "properties": { "DN": 10 }, "geometry": { "type": "Polygon", "coordinates": [ [ [ 8567648.81808901950717, 1037166.854827880277298 ], [ 8567648.81808901950717, 1037073.828857183805667 ], [ 8567741.844059715047479, 1037073.828857183805667 ], [ 8567741.844059715047479, 1037166.854827880277298 ], [ 8567648.81808901950717, 1037166.854827880277298 ] ] ] } },
{ "type": "Feature", "properties": { "DN": 10 }, "geometry": { "type": "Polygon", "coordinates": [ [ [ 8567648.81808901950717, 1037383.915426171966828 ], [ 8567648.81808901950717, 1037259.88079857674893 ], [ 8567834.870030412450433, 1037259.88079857674893 ], [ 8567834.870030412450433, 1036980.802886487334035 ], [ 8567803.861373512074351, 1036980.802886487334035 ], [ 8567648.81808901950717, 1036980.802886487334035 ], [ 8567648.81808901950717, 1036856.768258891999722 ], [ 8567958.904658006504178, 1036856.768258891999722 ], [ 8567958.904658006504178, 1036763.74228819552809 ], [ 8568206.973913198336959, 1036763.74228819552809 ], [ 8568237.982570096850395, 1036763.74228819552809 ], [ 8568237.982570096850395, 1036856.768258891999722 ], [ 8568144.956599399447441, 1036856.768258891999722 ], [ 8568144.956599399447441, 1036980.802886487334035 ], [ 8567958.904658006504178, 1036980.802886487334035 ], [ 8567958.904658006504178, 1037073.828857183805667 ], [ 8568113.947942500934005, 1037073.828857183805667 ], [ 8568144.956599399447441, 1037073.828857183805667 ], [ 8568144.956599399447441, 1037166.854827880277298 ], [ 8568051.930628703907132, 1037166.854827880277298 ], [ 8568051.930628703907132, 1037259.88079857674893 ], [ 8567958.904658006504178, 1037259.88079857674893 ], [ 8567958.904658006504178, 1037383.915426171966828 ], [ 8567648.81808901950717, 1037383.915426171966828 ] ], [ [ 8568548.069139083847404, 1036050.543179522734135 ], [ 8568920.17302186973393, 1036050.543179522734135 ], [ 8568951.181678770110011, 1036050.543179522734135 ], [ 8568951.181678770110011, 1036143.569150219205767 ], [ 8569168.24227706156671, 1036143.569150219205767 ], [ 8569168.24227706156671, 1036050.543179522734135 ], [ 8569261.268247757107019, 1036050.543179522734135 ], [ 8569261.268247757107019, 1036143.569150219205767 ], [ 8569447.320189150050282, 1036143.569150219205767 ], [ 8569478.328846048563719, 1036143.569150219205767 ], [ 8569478.328846048563719, 1036360.629748510895297 ], [ 8569354.294218454509974, 1036360.629748510895297 ], [ 8569354.294218454509974, 1036453.655719207366928 ], [ 8569261.268247757107019, 1036453.655719207366928 ], [ 8569261.268247757107019, 1036577.690346802584827 ], [ 8569168.24227706156671, 1036577.690346802584827 ], [ 8569168.24227706156671, 1036856.768258891999722 ], [ 8569075.216306364163756, 1036856.768258891999722 ], [ 8569075.216306364163756, 1036360.629748510895297 ], [ 8569044.20764946565032, 1036360.629748510895297 ], [ 8568858.155708072707057, 1036360.629748510895297 ], [ 8568858.155708072707057, 1036453.655719207366928 ], [ 8568455.043168388307095, 1036453.655719207366928 ], [ 8568455.043168388307095, 1036360.629748510895297 ], [ 8568362.01719769090414, 1036360.629748510895297 ], [ 8568362.01719769090414, 1036453.655719207366928 ], [ 8568424.034511489793658, 1036453.655719207366928 ], [ 8568455.043168388307095, 1036453.655719207366928 ], [ 8568455.043168388307095, 1036577.690346802584827 ], [ 8568362.01719769090414, 1036577.690346802584827 ], [ 8568362.01719769090414, 1036670.716317499056458 ], [ 8568455.043168388307095, 1036670.716317499056458 ], [ 8568455.043168388307095, 1036577.690346802584827 ], [ 8568548.069139083847404, 1036577.690346802584827 ], [ 8568548.069139083847404, 1036670.716317499056458 ], [ 8568672.103766679763794, 1036670.716317499056458 ], [ 8568672.103766679763794, 1036577.690346802584827 ], [ 8568858.155708072707057, 1036577.690346802584827 ], [ 8568858.155708072707057, 1036670.716317499056458 ], [ 8568920.17302186973393, 1036670.716317499056458 ], [ 8568951.181678770110011, 1036670.716317499056458 ], [ 8568951.181678770110011, 1036763.74228819552809 ], [ 8568858.155708072707057, 1036763.74228819552809 ], [ 8568858.155708072707057, 1036980.802886487334035 ], [ 8568548.069139083847404, 1036980.802886487334035 ], [ 8568548.069139083847404, 1036856.768258891999722 ], [ 8568517.060482185333967, 1036856.768258891999722 ], [ 8568455.043168388307095, 1036856.768258891999722 ], [ 8568455.043168388307095, 1036763.74228819552809 ], [ 8568424.034511489793658, 1036763.74228819552809 ], [ 8568237.982570096850395, 1036763.74228819552809 ], [ 8568237.982570096850395, 1036670.716317499056458 ], [ 8568206.973913198336959, 1036670.716317499056458 ], [ 8568144.956599399447441, 1036670.716317499056458 ], [ 8568144.956599399447441, 1036577.690346802584827 ], [ 8568362.01719769090414, 1036577.690346802584827 ], [ 8568362.01719769090414, 1036453.655719207366928 ], [ 8568331.008540792390704, 1036453.655719207366928 ], [ 8568237.982570096850395, 1036453.655719207366928 ], [ 8568237.982570096850395, 1036360.629748510895297 ], [ 8568206.973913198336959, 1036360.629748510895297 ], [ 8568144.956599399447441, 1036360.629748510895297 ], [ 8568144.956599399447441, 1036143.569150219205767 ], [ 8568113.947942500934005, 1036143.569150219205767 ], [ 8568051.930628703907132, 1036143.569150219205767 ], [ 8568051.930628703907132, 1035957.517208826262504 ], [ 8568020.921971805393696, 1035957.517208826262504 ], [ 8567958.904658006504178, 1035957.517208826262504 ], [ 8567958.904658006504178, 1035864.491238129790872 ], [ 8568051.930628703907132, 1035864.491238129790872 ], [ 8568051.930628703907132, 1035957.517208826262504 ], [ 8568206.973913198336959, 1035957.517208826262504 ], [ 8568237.982570096850395, 1035957.517208826262504 ], [ 8568237.982570096850395, 1036050.543179522734135 ], [ 8568455.043168388307095, 1036050.543179522734135 ], [ 8568455.043168388307095, 1035957.517208826262504 ], [ 8568548.069139083847404, 1035957.517208826262504 ], [ 8568548.069139083847404, 1036050.543179522734135 ] ], [ [ 8569478.328846048563719, 1036143.569150219205767 ], [ 8569571.354816745966673, 1036143.569150219205767 ], [ 8569571.354816745966673, 1036050.543179522734135 ], [ 8569478.328846048563719, 1036050.543179522734135 ], [ 8569478.328846048563719, 1036143.569150219205767 ] ] ] } },
{ "type": "Feature", "properties": { "DN": 10 }, "geometry": { "type": "Polygon", "coordinates": [ [ [ 8571090.779004788026214, 1037259.88079857674893 ], [ 8571090.779004788026214, 1037166.854827880277298 ], [ 8571059.770347889512777, 1037166.854827880277298 ], [ 8570997.75303409062326, 1037166.854827880277298 ], [ 8570997.75303409062326, 1037073.828857183805667 ], [ 8570966.744377192109823, 1037073.828857183805667 ], [ 8570873.718406496569514, 1037073.828857183805667 ], [ 8570873.718406496569514, 1036360.629748510895297 ], [ 8570842.709749598056078, 1036360.629748510895297 ], [ 8570780.69243579916656, 1036360.629748510895297 ], [ 8570780.69243579916656, 1036143.569150219205767 ], [ 8570873.718406496569514, 1036143.569150219205767 ], [ 8570873.718406496569514, 1036267.603777814423665 ], [ 8571059.770347889512777, 1036267.603777814423665 ], [ 8571090.779004788026214, 1036267.603777814423665 ], [ 8571090.779004788026214, 1036577.690346802584827 ], [ 8570997.75303409062326, 1036577.690346802584827 ], [ 8570997.75303409062326, 1036670.716317499056458 ], [ 8571059.770347889512777, 1036670.716317499056458 ], [ 8571090.779004788026214, 1036670.716317499056458 ], [ 8571090.779004788026214, 1036763.74228819552809 ], [ 8571152.796318585053086, 1036763.74228819552809 ], [ 8571183.804975483566523, 1036763.74228819552809 ], [ 8571183.804975483566523, 1036856.768258891999722 ], [ 8571090.779004788026214, 1036856.768258891999722 ], [ 8571090.779004788026214, 1036980.802886487334035 ], [ 8571152.796318585053086, 1036980.802886487334035 ], [ 8571183.804975483566523, 1036980.802886487334035 ], [ 8571183.804975483566523, 1037073.828857183805667 ], [ 8571245.82228928245604, 1037073.828857183805667 ], [ 8571276.830946180969477, 1037073.828857183805667 ], [ 8571276.830946180969477, 1037166.854827880277298 ], [ 8571183.804975483566523, 1037166.854827880277298 ], [ 8571183.804975483566523, 1037259.88079857674893 ], [ 8571090.779004788026214, 1037259.88079857674893 ] ], [ [ 8568951.181678770110011, 1035957.517208826262504 ], [ 8569726.3981012403965, 1035957.517208826262504 ], [ 8569757.406758138909936, 1035957.517208826262504 ], [ 8569757.406758138909936, 1036453.655719207366928 ], [ 8569974.467356430366635, 1036453.655719207366928 ], [ 8569974.467356430366635, 1036360.629748510895297 ], [ 8569943.458699531853199, 1036360.629748510895297 ], [ 8569881.441385734826326, 1036360.629748510895297 ], [ 8569881.441385734826326, 1036050.543179522734135 ], [ 8569974.467356430366635, 1036050.543179522734135 ], [ 8569974.467356430366635, 1036143.569150219205767 ], [ 8570036.484670227393508, 1036143.569150219205767 ], [ 8570067.493327125906944, 1036143.569150219205767 ], [ 8570067.493327125906944, 1036267.603777814423665 ], [ 8570160.519297823309898, 1036267.603777814423665 ], [ 8570191.527954721823335, 1036267.603777814423665 ], [ 8570191.527954721823335, 1036360.629748510895297 ], [ 8570377.579896114766598, 1036360.629748510895297 ], [ 8570377.579896114766598, 1036267.603777814423665 ], [ 8570470.605866812169552, 1036267.603777814423665 ], [ 8570470.605866812169552, 1036360.629748510895297 ], [ 8570594.640494406223297, 1036360.629748510895297 ], [ 8570594.640494406223297, 1036143.569150219205767 ], [ 8570780.69243579916656, 1036143.569150219205767 ], [ 8570780.69243579916656, 1036050.543179522734135 ], [ 8570749.683778900653124, 1036050.543179522734135 ], [ 8570191.527954721823335, 1036050.543179522734135 ], [ 8570191.527954721823335, 1035957.517208826262504 ], [ 8570160.519297823309898, 1035957.517208826262504 ], [ 8569881.441385734826326, 1035957.517208826262504 ], [ 8569881.441385734826326, 1035740.456610534456559 ], [ 8569850.432728834450245, 1035740.456610534456559 ], [ 8569757.406758138909936, 1035740.456610534456559 ], [ 8569757.406758138909936, 1035554.404669141513295 ], [ 8569664.380787441506982, 1035554.404669141513295 ], [ 8569664.380787441506982, 1035740.456610534456559 ], [ 8569571.354816745966673, 1035740.456610534456559 ], [ 8569571.354816745966673, 1035647.430639837984927 ], [ 8569478.328846048563719, 1035647.430639837984927 ], [ 8569478.328846048563719, 1035864.491238129790872 ], [ 8569261.268247757107019, 1035864.491238129790872 ], [ 8569261.268247757107019, 1035647.430639837984927 ], [ 8569354.294218454509974, 1035647.430639837984927 ], [ 8569354.294218454509974, 1035554.404669141513295 ], [ 8569323.285561555996537, 1035554.404669141513295 ], [ 8569261.268247757107019, 1035554.404669141513295 ], [ 8569261.268247757107019, 1035461.378698445158079 ], [ 8569354.294218454509974, 1035461.378698445158079 ], [ 8569354.294218454509974, 1035337.344070849823765 ], [ 8569323.285561555996537, 1035337.344070849823765 ], [ 8569261.268247757107019, 1035337.344070849823765 ], [ 8569261.268247757107019, 1035151.292129456880502 ], [ 8569075.216306364163756, 1035151.292129456880502 ], [ 8569075.216306364163756, 1035244.318100153352134 ], [ 8568765.129737377166748, 1035244.318100153352134 ], [ 8568765.129737377166748, 1035337.344070849823765 ], [ 8568827.147051174193621, 1035337.344070849823765 ], [ 8568858.155708072707057, 1035337.344070849823765 ], [ 8568858.155708072707057, 1035461.378698445158079 ], [ 8568920.17302186973393, 1035461.378698445158079 ], [ 8568951.181678770110011, 1035461.378698445158079 ], [ 8568951.181678770110011, 1035957.517208826262504 ] ] ] } },
{ "type": "Feature", "properties": { "DN": 10 }, "geometry": { "type": "Polygon", "coordinates": [ [ [ 8558315.212362473830581, 1033817.919882807647809 ], [ 8558315.212362473830581, 1033724.893912111176178 ], [ 8558439.246990069746971, 1033724.893912111176178 ], [ 8558439.246990069746971, 1033817.919882807647809 ], [ 8558315.212362473830581, 1033817.919882807647809 ] ] ] } },
{ "type": "Feature", "properties": { "DN": 10 }, "geometry": { "type": "Polygon", "coordinates": [ [ [ 8557912.099822789430618, 1033321.781372426426969 ], [ 8557912.099822789430618, 1033011.694803438265808 ], [ 8558005.125793484970927, 1033011.694803438265808 ], [ 8558005.125793484970927, 1032918.668832741794176 ], [ 8558129.160421080887318, 1032918.668832741794176 ], [ 8558129.160421080887318, 1033011.694803438265808 ], [ 8558005.125793484970927, 1033011.694803438265808 ], [ 8558005.125793484970927, 1033321.781372426426969 ], [ 8557912.099822789430618, 1033321.781372426426969 ] ] ] } },
{ "type": "Feature", "properties": { "DN": 10 }, "geometry": { "type": "Polygon", "coordinates": [ [ [ 8554780.225476007908583, 1032608.582263753633015 ], [ 8554780.225476007908583, 1032019.417782676056959 ], [ 8554966.277417400851846, 1032019.417782676056959 ], [ 8554966.277417400851846, 1032205.469724068883806 ], [ 8554873.251446705311537, 1032205.469724068883806 ], [ 8554873.251446705311537, 1032608.582263753633015 ], [ 8554780.225476007908583, 1032608.582263753633015 ] ] ] } },
{ "type": "Feature", "properties": { "DN": 10 }, "geometry": { "type": "Polygon", "coordinates": [ [ [ 8563090.545524891465902, 1032918.668832741794176 ], [ 8563090.545524891465902, 1032701.608234450104646 ], [ 8563059.536867992952466, 1032701.608234450104646 ], [ 8562997.519554195925593, 1032701.608234450104646 ], [ 8562997.519554195925593, 1032515.556293057161383 ], [ 8563090.545524891465902, 1032515.556293057161383 ], [ 8563090.545524891465902, 1032298.495694765355438 ], [ 8563183.571495588868856, 1032298.495694765355438 ], [ 8563183.571495588868856, 1032112.44375337252859 ], [ 8563276.597466284409165, 1032112.44375337252859 ], [ 8563276.597466284409165, 1031895.383155080722645 ], [ 8563400.632093880325556, 1031895.383155080722645 ], [ 8563400.632093880325556, 1031802.357184384251013 ], [ 8563586.684035273268819, 1031802.357184384251013 ], [ 8563586.684035273268819, 1031585.296586092561483 ], [ 8563679.710005970671773, 1031585.296586092561483 ], [ 8563679.710005970671773, 1031492.270615396089852 ], [ 8563803.744633564725518, 1031492.270615396089852 ], [ 8563803.744633564725518, 1031306.218674003146589 ], [ 8563896.770604262128472, 1031306.218674003146589 ], [ 8563896.770604262128472, 1031089.158075711340643 ], [ 8563989.796574957668781, 1031089.158075711340643 ], [ 8563989.796574957668781, 1030996.132105014985427 ], [ 8564206.857173249125481, 1030996.132105014985427 ], [ 8564206.857173249125481, 1030903.106134318513796 ], [ 8564516.943742237985134, 1030903.106134318513796 ], [ 8564516.943742237985134, 1030996.132105014985427 ], [ 8564889.04762502387166, 1030996.132105014985427 ], [ 8564920.056281922385097, 1030996.132105014985427 ], [ 8564920.056281922385097, 1031306.218674003146589 ], [ 8564796.021654328331351, 1031306.218674003146589 ], [ 8564796.021654328331351, 1031709.331213687779382 ], [ 8564889.04762502387166, 1031709.331213687779382 ], [ 8564920.056281922385097, 1031709.331213687779382 ], [ 8564920.056281922385097, 1032019.417782676056959 ], [ 8564982.073595719411969, 1032019.417782676056959 ], [ 8565013.082252619788051, 1032019.417782676056959 ], [ 8565013.082252619788051, 1032112.44375337252859 ], [ 8565075.099566416814923, 1032112.44375337252859 ], [ 8565106.10822331532836, 1032112.44375337252859 ], [ 8565106.10822331532836, 1032298.495694765355438 ], [ 8565013.082252619788051, 1032298.495694765355438 ], [ 8565013.082252619788051, 1032422.530322360689752 ], [ 8564920.056281922385097, 1032422.530322360689752 ], [ 8564920.056281922385097, 1032515.556293057161383 ], [ 8564609.969712935388088, 1032515.556293057161383 ], [ 8564609.969712935388088, 1032422.530322360689752 ], [ 8564392.909114642068744, 1032422.530322360689752 ], [ 8564392.909114642068744, 1032515.556293057161383 ], [ 8564299.883143946528435, 1032515.556293057161383 ], [ 8564299.883143946528435, 1032608.582263753633015 ], [ 8564206.857173249125481, 1032608.582263753633015 ], [ 8564206.857173249125481, 1032701.608234450104646 ], [ 8563896.770604262128472, 1032701.608234450104646 ], [ 8563896.770604262128472, 1032825.642862045322545 ], [ 8563679.710005970671773, 1032825.642862045322545 ], [ 8563679.710005970671773, 1032918.668832741794176 ], [ 8563090.545524891465902, 1032918.668832741794176 ] ] ] } },
{ "type": "Feature", "properties": { "DN": 10 }, "geometry": { "type": "Polygon", "coordinates": [ [ [ 8554780.225476007908583, 1030593.019565330236219 ], [ 8554780.225476007908583, 1030499.993594633764587 ], [ 8554873.251446705311537, 1030499.993594633764587 ], [ 8554873.251446705311537, 1030375.958967038546689 ], [ 8554842.2427898067981, 1030375.958967038546689 ], [ 8554780.225476007908583, 1030375.958967038546689 ], [ 8554780.225476007908583, 1030189.907025645603426 ], [ 8554873.251446705311537, 1030189.907025645603426 ], [ 8554873.251446705311537, 1030282.932996342075057 ], [ 8554935.268760502338409, 1030282.932996342075057 ], [ 8554966.277417400851846, 1030282.932996342075057 ], [ 8554966.277417400851846, 1030499.993594633764587 ], [ 8554873.251446705311537, 1030499.993594633764587 ], [ 8554873.251446705311537, 1030593.019565330236219 ], [ 8554780.225476007908583, 1030593.019565330236219 ] ] ] } },
{ "type": "Feature", "properties": { "DN": 10 }, "geometry": { "type": "Polygon", "coordinates": [ [ [ 8570780.69243579916656, 1029569.733887669164687 ], [ 8570780.69243579916656, 1029476.707916972693056 ], [ 8570749.683778900653124, 1029476.707916972693056 ], [ 8570687.666465103626251, 1029476.707916972693056 ], [ 8570687.666465103626251, 1029383.681946276221424 ], [ 8570842.709749598056078, 1029383.681946276221424 ], [ 8570873.718406496569514, 1029383.681946276221424 ], [ 8570873.718406496569514, 1029569.733887669164687 ], [ 8570780.69243579916656, 1029569.733887669164687 ] ] ] } },
{ "type": "Feature", "properties": { "DN": 10 }, "geometry": { "type": "Polygon", "coordinates": [ [ [ 8571710.952142763882875, 1028856.534778996254317 ], [ 8571710.952142763882875, 1028763.508808299899101 ], [ 8571803.97811346128583, 1028763.508808299899101 ], [ 8571803.97811346128583, 1028670.48283760342747 ], [ 8571897.004084156826138, 1028670.48283760342747 ], [ 8571897.004084156826138, 1028763.508808299899101 ], [ 8571803.97811346128583, 1028763.508808299899101 ], [ 8571803.97811346128583, 1028856.534778996254317 ], [ 8571710.952142763882875, 1028856.534778996254317 ] ] ] } },
{ "type": "Feature", "properties": { "DN": 10 }, "geometry": { "type": "Polygon", "coordinates": [ [ [ 8570191.527954721823335, 1030375.958967038546689 ], [ 8570191.527954721823335, 1030065.872398050269112 ], [ 8570160.519297823309898, 1030065.872398050269112 ], [ 8570067.493327125906944, 1030065.872398050269112 ], [ 8570067.493327125906944, 1029972.84642735379748 ], [ 8570191.527954721823335, 1029972.84642735379748 ], [ 8570191.527954721823335, 1029879.820456657442264 ], [ 8570160.519297823309898, 1029879.820456657442264 ], [ 8570067.493327125906944, 1029879.820456657442264 ], [ 8570067.493327125906944, 1029786.794485960970633 ], [ 8570191.527954721823335, 1029786.794485960970633 ], [ 8570191.527954721823335, 1029662.759858365636319 ], [ 8570284.553925419226289, 1029662.759858365636319 ], [ 8570284.553925419226289, 1029569.733887669164687 ], [ 8570253.545268518850207, 1029569.733887669164687 ], [ 8570067.493327125906944, 1029569.733887669164687 ], [ 8570067.493327125906944, 1029476.707916972693056 ], [ 8569974.467356430366635, 1029476.707916972693056 ], [ 8569974.467356430366635, 1029569.733887669164687 ], [ 8569881.441385734826326, 1029569.733887669164687 ], [ 8569881.441385734826326, 1029383.681946276221424 ], [ 8569850.432728834450245, 1029383.681946276221424 ], [ 8569757.406758138909936, 1029383.681946276221424 ], [ 8569757.406758138909936, 1029259.647318681003526 ], [ 8569881.441385734826326, 1029259.647318681003526 ], [ 8569881.441385734826326, 1029166.621347984531894 ], [ 8569974.467356430366635, 1029166.621347984531894 ], [ 8569974.467356430366635, 1028980.569406591588631 ], [ 8570067.493327125906944, 1028980.569406591588631 ], [ 8570067.493327125906944, 1028670.48283760342747 ], [ 8570191.527954721823335, 1028670.48283760342747 ], [ 8570191.527954721823335, 1028546.448210008093156 ], [ 8570160.519297823309898, 1028546.448210008093156 ], [ 8570067.493327125906944, 1028546.448210008093156 ], [ 8570067.493327125906944, 1028453.422239311621524 ], [ 8570191.527954721823335, 1028453.422239311621524 ], [ 8570191.527954721823335, 1028267.370297918678261 ], [ 8570284.553925419226289, 1028267.370297918678261 ], [ 8570284.553925419226289, 1028143.335670323460363 ], [ 8570377.579896114766598, 1028143.335670323460363 ], [ 8570377.579896114766598, 1028050.309699626988731 ], [ 8570470.605866812169552, 1028050.309699626988731 ], [ 8570470.605866812169552, 1027957.2837289305171 ], [ 8570687.666465103626251, 1027957.2837289305171 ], [ 8570687.666465103626251, 1027864.257758234045468 ], [ 8570780.69243579916656, 1027864.257758234045468 ], [ 8570780.69243579916656, 1027957.2837289305171 ], [ 8570842.709749598056078, 1027957.2837289305171 ], [ 8570873.718406496569514, 1027957.2837289305171 ], [ 8570873.718406496569514, 1028050.309699626988731 ], [ 8570966.744377192109823, 1028050.309699626988731 ], [ 8570997.75303409062326, 1028050.309699626988731 ], [ 8570997.75303409062326, 1028143.335670323460363 ], [ 8571059.770347889512777, 1028143.335670323460363 ], [ 8571090.779004788026214, 1028143.335670323460363 ], [ 8571090.779004788026214, 1028267.370297918678261 ], [ 8571276.830946180969477, 1028267.370297918678261 ], [ 8571276.830946180969477, 1028143.335670323460363 ], [ 8571493.891544472426176, 1028143.335670323460363 ], [ 8571493.891544472426176, 1028050.309699626988731 ], [ 8571586.91751516982913, 1028050.309699626988731 ], [ 8571586.91751516982913, 1027740.223130638711154 ], [ 8571555.908858269453049, 1027740.223130638711154 ], [ 8571493.891544472426176, 1027740.223130638711154 ], [ 8571493.891544472426176, 1027647.197159942355938 ], [ 8571462.88288757391274, 1027647.197159942355938 ], [ 8571183.804975483566523, 1027647.197159942355938 ], [ 8571183.804975483566523, 1027554.171189245884307 ], [ 8571152.796318585053086, 1027554.171189245884307 ], [ 8569974.467356430366635, 1027554.171189245884307 ], [ 8569974.467356430366635, 1027461.145218549412675 ], [ 8570284.553925419226289, 1027461.145218549412675 ], [ 8570284.553925419226289, 1027337.110590954078361 ], [ 8570470.605866812169552, 1027337.110590954078361 ], [ 8570470.605866812169552, 1027151.058649561135098 ], [ 8570594.640494406223297, 1027151.058649561135098 ], [ 8570594.640494406223297, 1027244.08462025760673 ], [ 8570656.657808205112815, 1027244.08462025760673 ], [ 8570687.666465103626251, 1027244.08462025760673 ], [ 8570687.666465103626251, 1027337.110590954078361 ], [ 8570997.75303409062326, 1027337.110590954078361 ], [ 8570997.75303409062326, 1027151.058649561135098 ], [ 8571059.770347889512777, 1027151.058649561135098 ], [ 8571090.779004788026214, 1027151.058649561135098 ], [ 8571090.779004788026214, 1027461.145218549412675 ], [ 8571803.97811346128583, 1027461.145218549412675 ], [ 8571803.97811346128583, 1027337.110590954078361 ], [ 8572083.056025549769402, 1027337.110590954078361 ], [ 8572114.064682448282838, 1027337.110590954078361 ], [ 8572114.064682448282838, 1027554.171189245884307 ], [ 8572176.081996247172356, 1027554.171189245884307 ], [ 8572207.090653145685792, 1027554.171189245884307 ], [ 8572207.090653145685792, 1027647.197159942355938 ], [ 8572114.064682448282838, 1027647.197159942355938 ], [ 8572114.064682448282838, 1027740.223130638711154 ], [ 8571990.030054854229093, 1027740.223130638711154 ], [ 8571990.030054854229093, 1027957.2837289305171 ], [ 8572176.081996247172356, 1027957.2837289305171 ], [ 8572207.090653145685792, 1027957.2837289305171 ], [ 8572207.090653145685792, 1028050.309699626988731 ], [ 8572114.064682448282838, 1028050.309699626988731 ], [ 8572114.064682448282838, 1028267.370297918678261 ], [ 8571990.030054854229093, 1028267.370297918678261 ], [ 8571990.030054854229093, 1028360.396268615149893 ], [ 8571897.004084156826138, 1028360.396268615149893 ], [ 8571897.004084156826138, 1028143.335670323460363 ], [ 8571990.030054854229093, 1028143.335670323460363 ], [ 8571990.030054854229093, 1027957.2837289305171 ], [ 8571959.021397955715656, 1027957.2837289305171 ], [ 8571897.004084156826138, 1027957.2837289305171 ], [ 8571897.004084156826138, 1027864.257758234045468 ], [ 8571803.97811346128583, 1027864.257758234045468 ], [ 8571803.97811346128583, 1028050.309699626988731 ], [ 8571710.952142763882875, 1028050.309699626988731 ], [ 8571710.952142763882875, 1028143.335670323460363 ], [ 8571586.91751516982913, 1028143.335670323460363 ], [ 8571586.91751516982913, 1028453.422239311621524 ], [ 8571493.891544472426176, 1028453.422239311621524 ], [ 8571493.891544472426176, 1028546.448210008093156 ], [ 8571400.865573776885867, 1028546.448210008093156 ], [ 8571400.865573776885867, 1028670.48283760342747 ], [ 8571493.891544472426176, 1028670.48283760342747 ], [ 8571493.891544472426176, 1028546.448210008093156 ], [ 8571555.908858269453049, 1028546.448210008093156 ], [ 8571586.91751516982913, 1028546.448210008093156 ], [ 8571586.91751516982913, 1028856.534778996254317 ], [ 8571493.891544472426176, 1028856.534778996254317 ], [ 8571493.891544472426176, 1028980.569406591588631 ], [ 8571090.779004788026214, 1028980.569406591588631 ], [ 8571090.779004788026214, 1029073.595377288060263 ], [ 8570873.718406496569514, 1029073.595377288060263 ], [ 8570873.718406496569514, 1028980.569406591588631 ], [ 8570842.709749598056078, 1028980.569406591588631 ], [ 8570780.69243579916656, 1028980.569406591588631 ], [ 8570780.69243579916656, 1028856.534778996254317 ], [ 8570594.640494406223297, 1028856.534778996254317 ], [ 8570594.640494406223297, 1028980.569406591588631 ], [ 8570656.657808205112815, 1028980.569406591588631 ], [ 8570687.666465103626251, 1028980.569406591588631 ], [ 8570687.666465103626251, 1029073.595377288060263 ], [ 8570842.709749598056078, 1029073.595377288060263 ], [ 8570873.718406496569514, 1029073.595377288060263 ], [ 8570873.718406496569514, 1029259.647318681003526 ], [ 8570594.640494406223297, 1029259.647318681003526 ], [ 8570594.640494406223297, 1029073.595377288060263 ], [ 8570470.605866812169552, 1029073.595377288060263 ], [ 8570470.605866812169552, 1029383.681946276221424 ], [ 8570563.631837507709861, 1029383.681946276221424 ], [ 8570594.640494406223297, 1029383.681946276221424 ], [ 8570594.640494406223297, 1029476.707916972693056 ], [ 8570470.605866812169552, 1029476.707916972693056 ], [ 8570470.605866812169552, 1029786.794485960970633 ], [ 8570284.553925419226289, 1029786.794485960970633 ], [ 8570284.553925419226289, 1030375.958967038546689 ], [ 8570191.527954721823335, 1030375.958967038546689 ] ] ] } },
{ "type": "Feature", "properties": { "DN": 10 }, "geometry": { "type": "Polygon", "coordinates": [ [ [ 8568951.181678770110011, 1029383.681946276221424 ], [ 8568951.181678770110011, 1029259.647318681003526 ], [ 8568920.17302186973393, 1029259.647318681003526 ], [ 8568858.155708072707057, 1029259.647318681003526 ], [ 8568858.155708072707057, 1029166.621347984531894 ], [ 8568951.181678770110011, 1029166.621347984531894 ], [ 8568951.181678770110011, 1028980.569406591588631 ], [ 8568920.17302186973393, 1028980.569406591588631 ], [ 8568858.155708072707057, 1028980.569406591588631 ], [ 8568858.155708072707057, 1028856.534778996254317 ], [ 8568827.147051174193621, 1028856.534778996254317 ], [ 8568765.129737377166748, 1028856.534778996254317 ], [ 8568765.129737377166748, 1028670.48283760342747 ], [ 8568734.121080476790667, 1028670.48283760342747 ], [ 8568548.069139083847404, 1028670.48283760342747 ], [ 8568548.069139083847404, 1028546.448210008093156 ], [ 8568517.060482185333967, 1028546.448210008093156 ], [ 8568455.043168388307095, 1028546.448210008093156 ], [ 8568455.043168388307095, 1028453.422239311621524 ], [ 8568424.034511489793658, 1028453.422239311621524 ], [ 8568051.930628703907132, 1028453.422239311621524 ], [ 8568051.930628703907132, 1028360.396268615149893 ], [ 8568020.921971805393696, 1028360.396268615149893 ], [ 8567834.870030412450433, 1028360.396268615149893 ], [ 8567834.870030412450433, 1028050.309699626988731 ], [ 8567803.861373512074351, 1028050.309699626988731 ], [ 8567741.844059715047479, 1028050.309699626988731 ], [ 8567741.844059715047479, 1027957.2837289305171 ], [ 8567710.835402816534042, 1027957.2837289305171 ], [ 8567648.81808901950717, 1027957.2837289305171 ], [ 8567648.81808901950717, 1027554.171189245884307 ], [ 8567617.809432119131088, 1027554.171189245884307 ], [ 8567555.792118322104216, 1027554.171189245884307 ], [ 8567555.792118322104216, 1027337.110590954078361 ], [ 8567524.783461423590779, 1027337.110590954078361 ], [ 8567245.705549335107207, 1027337.110590954078361 ], [ 8567245.705549335107207, 1027244.08462025760673 ], [ 8567214.696892434731126, 1027244.08462025760673 ], [ 8567028.644951041787863, 1027244.08462025760673 ], [ 8567028.644951041787863, 1027151.058649561135098 ], [ 8566997.636294143274426, 1027151.058649561135098 ], [ 8566842.5930096488446, 1027151.058649561135098 ], [ 8566842.5930096488446, 1027027.0240219659172 ], [ 8566811.584352750331163, 1027027.0240219659172 ], [ 8566718.558382054790854, 1027027.0240219659172 ], [ 8566718.558382054790854, 1026530.885511584812775 ], [ 8566687.549725156277418, 1026530.885511584812775 ], [ 8566625.5324113573879, 1026530.885511584812775 ], [ 8566625.5324113573879, 1026220.798942596535198 ], [ 8566718.558382054790854, 1026220.798942596535198 ], [ 8566718.558382054790854, 1026034.747001203591935 ], [ 8567338.731520030647516, 1026034.747001203591935 ], [ 8567338.731520030647516, 1026344.833570191869512 ], [ 8567400.748833827674389, 1026344.833570191869512 ], [ 8567431.75749072805047, 1026344.833570191869512 ], [ 8567431.75749072805047, 1026747.946109876502305 ], [ 8567803.861373512074351, 1026747.946109876502305 ], [ 8567834.870030412450433, 1026747.946109876502305 ], [ 8567834.870030412450433, 1026840.972080572973937 ], [ 8568424.034511489793658, 1026840.972080572973937 ], [ 8568455.043168388307095, 1026840.972080572973937 ], [ 8568455.043168388307095, 1026933.998051269445568 ], [ 8568734.121080476790667, 1026933.998051269445568 ], [ 8568765.129737377166748, 1026933.998051269445568 ], [ 8568765.129737377166748, 1027027.0240219659172 ], [ 8568920.17302186973393, 1027027.0240219659172 ], [ 8568951.181678770110011, 1027027.0240219659172 ], [ 8568951.181678770110011, 1027244.08462025760673 ], [ 8569044.20764946565032, 1027244.08462025760673 ], [ 8569075.216306364163756, 1027244.08462025760673 ], [ 8569075.216306364163756, 1027337.110590954078361 ], [ 8568951.181678770110011, 1027337.110590954078361 ], [ 8568951.181678770110011, 1027864.257758234045468 ], [ 8569137.233620163053274, 1027864.257758234045468 ], [ 8569168.24227706156671, 1027864.257758234045468 ], [ 8569168.24227706156671, 1027957.2837289305171 ], [ 8569323.285561555996537, 1027957.2837289305171 ], [ 8569354.294218454509974, 1027957.2837289305171 ], [ 8569354.294218454509974, 1028267.370297918678261 ], [ 8569447.320189150050282, 1028267.370297918678261 ], [ 8569478.328846048563719, 1028267.370297918678261 ], [ 8569478.328846048563719, 1028360.396268615149893 ], [ 8569540.346159847453237, 1028360.396268615149893 ], [ 8569571.354816745966673, 1028360.396268615149893 ], [ 8569571.354816745966673, 1028980.569406591588631 ], [ 8569633.372130542993546, 1028980.569406591588631 ], [ 8569664.380787441506982, 1028980.569406591588631 ], [ 8569664.380787441506982, 1029073.595377288060263 ], [ 8569571.354816745966673, 1029073.595377288060263 ], [ 8569571.354816745966673, 1029166.621347984531894 ], [ 8569478.328846048563719, 1029166.621347984531894 ], [ 8569478.328846048563719, 1029259.647318681003526 ], [ 8569354.294218454509974, 1029259.647318681003526 ], [ 8569354.294218454509974, 1029383.681946276221424 ], [ 8568951.181678770110011, 1029383.681946276221424 ] ] ] } },
{ "type": "Feature", "properties": { "DN": 10 }, "geometry": { "type": "Polygon", "coordinates": [ [ [ 8554873.251446705311537, 1040825.876341941067949 ], [ 8554873.251446705311537, 1040732.850371244596317 ], [ 8554842.2427898067981, 1040732.850371244596317 ], [ 8554780.225476007908583, 1040732.850371244596317 ], [ 8554780.225476007908583, 1039089.391555607086048 ], [ 8554873.251446705311537, 1039089.391555607086048 ], [ 8554873.251446705311537, 1038500.227074529509991 ], [ 8554842.2427898067981, 1038500.227074529509991 ], [ 8554780.225476007908583, 1038500.227074529509991 ], [ 8554780.225476007908583, 1037787.027965856599621 ], [ 8554966.277417400851846, 1037787.027965856599621 ], [ 8554966.277417400851846, 1037569.967367564910091 ], [ 8554935.268760502338409, 1037569.967367564910091 ], [ 8554873.251446705311537, 1037569.967367564910091 ], [ 8554873.251446705311537, 1037662.993338261381723 ], [ 8554780.225476007908583, 1037662.993338261381723 ], [ 8554780.225476007908583, 1032918.668832741794176 ], [ 8554873.251446705311537, 1032918.668832741794176 ], [ 8554873.251446705311537, 1032825.642862045322545 ], [ 8555090.312044996768236, 1032825.642862045322545 ], [ 8555090.312044996768236, 1032701.608234450104646 ], [ 8555059.3033880982548, 1032701.608234450104646 ], [ 8554966.277417400851846, 1032701.608234450104646 ], [ 8554966.277417400851846, 1032608.582263753633015 ], [ 8555090.312044996768236, 1032608.582263753633015 ], [ 8555090.312044996768236, 1032701.608234450104646 ], [ 8555276.363986389711499, 1032701.608234450104646 ], [ 8555276.363986389711499, 1032515.556293057161383 ], [ 8555586.450555378571153, 1032515.556293057161383 ], [ 8555586.450555378571153, 1032701.608234450104646 ], [ 8555679.476526074111462, 1032701.608234450104646 ], [ 8555679.476526074111462, 1032298.495694765355438 ], [ 8555648.467869175598025, 1032298.495694765355438 ], [ 8555586.450555378571153, 1032298.495694765355438 ], [ 8555586.450555378571153, 1032205.469724068883806 ], [ 8555896.537124365568161, 1032205.469724068883806 ], [ 8555896.537124365568161, 1032298.495694765355438 ], [ 8555958.554438164457679, 1032298.495694765355438 ], [ 8555989.563095062971115, 1032298.495694765355438 ], [ 8555989.563095062971115, 1032422.530322360689752 ], [ 8556082.589065758511424, 1032422.530322360689752 ], [ 8556082.589065758511424, 1032298.495694765355438 ], [ 8556299.649664049968123, 1032298.495694765355438 ], [ 8556299.649664049968123, 1032019.417782676056959 ], [ 8556485.701605442911386, 1032019.417782676056959 ], [ 8556485.701605442911386, 1031802.357184384251013 ], [ 8556609.736233038827777, 1031802.357184384251013 ], [ 8556609.736233038827777, 1031709.331213687779382 ], [ 8556578.727576140314341, 1031709.331213687779382 ], [ 8556485.701605442911386, 1031709.331213687779382 ], [ 8556485.701605442911386, 1031585.296586092561483 ], [ 8556454.69294854439795, 1031585.296586092561483 ], [ 8556392.675634747371078, 1031585.296586092561483 ], [ 8556392.675634747371078, 1031399.24464469961822 ], [ 8556609.736233038827777, 1031399.24464469961822 ], [ 8556609.736233038827777, 1031306.218674003146589 ], [ 8556795.78817443177104, 1031306.218674003146589 ], [ 8556795.78817443177104, 1031492.270615396089852 ], [ 8556919.82280202768743, 1031492.270615396089852 ], [ 8556919.82280202768743, 1031182.184046407812275 ], [ 8557105.874743420630693, 1031182.184046407812275 ], [ 8557105.874743420630693, 1031306.218674003146589 ], [ 8557198.900714116171002, 1031306.218674003146589 ], [ 8557198.900714116171002, 1031182.184046407812275 ], [ 8557415.961312407627702, 1031182.184046407812275 ], [ 8557415.961312407627702, 1031089.158075711340643 ], [ 8557384.952655509114265, 1031089.158075711340643 ], [ 8557322.935341712087393, 1031089.158075711340643 ], [ 8557322.935341712087393, 1030903.106134318513796 ], [ 8557291.926684813573956, 1030903.106134318513796 ], [ 8557012.848772723227739, 1030903.106134318513796 ], [ 8557012.848772723227739, 1030779.071506723179482 ], [ 8557198.900714116171002, 1030779.071506723179482 ], [ 8557198.900714116171002, 1030686.04553602670785 ], [ 8557415.961312407627702, 1030686.04553602670785 ], [ 8557415.961312407627702, 1030593.019565330236219 ], [ 8557105.874743420630693, 1030593.019565330236219 ], [ 8557105.874743420630693, 1030686.04553602670785 ], [ 8557012.848772723227739, 1030686.04553602670785 ], [ 8557012.848772723227739, 1030779.071506723179482 ], [ 8556919.82280202768743, 1030779.071506723179482 ], [ 8556919.82280202768743, 1030903.106134318513796 ], [ 8556702.762203736230731, 1030903.106134318513796 ], [ 8556702.762203736230731, 1030996.132105014985427 ], [ 8556609.736233038827777, 1030996.132105014985427 ], [ 8556609.736233038827777, 1030903.106134318513796 ], [ 8556578.727576140314341, 1030903.106134318513796 ], [ 8556485.701605442911386, 1030903.106134318513796 ], [ 8556485.701605442911386, 1030779.071506723179482 ], [ 8556454.69294854439795, 1030779.071506723179482 ], [ 8556392.675634747371078, 1030779.071506723179482 ], [ 8556392.675634747371078, 1030686.04553602670785 ], [ 8556485.701605442911386, 1030686.04553602670785 ], [ 8556485.701605442911386, 1030593.019565330236219 ], [ 8556609.736233038827777, 1030593.019565330236219 ], [ 8556609.736233038827777, 1030499.993594633764587 ], [ 8556702.762203736230731, 1030499.993594633764587 ], [ 8556702.762203736230731, 1030375.958967038546689 ], [ 8556671.75354683585465, 1030375.958967038546689 ], [ 8556299.649664049968123, 1030375.958967038546689 ], [ 8556299.649664049968123, 1030282.932996342075057 ], [ 8556609.736233038827777, 1030282.932996342075057 ], [ 8556609.736233038827777, 1030189.907025645603426 ], [ 8556578.727576140314341, 1030189.907025645603426 ], [ 8556485.701605442911386, 1030189.907025645603426 ], [ 8556485.701605442911386, 1030065.872398050269112 ], [ 8556454.69294854439795, 1030065.872398050269112 ], [ 8556392.675634747371078, 1030065.872398050269112 ], [ 8556392.675634747371078, 1029972.84642735379748 ], [ 8556609.736233038827777, 1029972.84642735379748 ], [ 8556609.736233038827777, 1029879.820456657442264 ], [ 8556578.727576140314341, 1029879.820456657442264 ], [ 8556392.675634747371078, 1029879.820456657442264 ], [ 8556392.675634747371078, 1029662.759858365636319 ], [ 8556361.666977848857641, 1029662.759858365636319 ], [ 8556206.623693354427814, 1029662.759858365636319 ], [ 8556206.623693354427814, 1029569.733887669164687 ], [ 8556082.589065758511424, 1029569.733887669164687 ], [ 8556082.589065758511424, 1029662.759858365636319 ], [ 8555989.563095062971115, 1029662.759858365636319 ], [ 8555989.563095062971115, 1029569.733887669164687 ], [ 8556082.589065758511424, 1029569.733887669164687 ], [ 8556082.589065758511424, 1029476.707916972693056 ], [ 8556051.580408859997988, 1029476.707916972693056 ], [ 8555989.563095062971115, 1029476.707916972693056 ], [ 8555989.563095062971115, 1029383.681946276221424 ], [ 8555896.537124365568161, 1029383.681946276221424 ], [ 8555896.537124365568161, 1029476.707916972693056 ], [ 8555803.511153670027852, 1029476.707916972693056 ], [ 8555803.511153670027852, 1029383.681946276221424 ], [ 8555772.502496771514416, 1029383.681946276221424 ], [ 8555679.476526074111462, 1029383.681946276221424 ], [ 8555679.476526074111462, 1029073.595377288060263 ], [ 8555586.450555378571153, 1029073.595377288060263 ], [ 8555586.450555378571153, 1029383.681946276221424 ], [ 8555648.467869175598025, 1029383.681946276221424 ], [ 8555679.476526074111462, 1029383.681946276221424 ], [ 8555679.476526074111462, 1029476.707916972693056 ], [ 8555493.424584681168199, 1029476.707916972693056 ], [ 8555493.424584681168199, 1029662.759858365636319 ], [ 8555400.39861398562789, 1029662.759858365636319 ], [ 8555400.39861398562789, 1029786.794485960970633 ], [ 8555276.363986389711499, 1029786.794485960970633 ], [ 8555276.363986389711499, 1029879.820456657442264 ], [ 8555183.338015692308545, 1029879.820456657442264 ], [ 8555183.338015692308545, 1029786.794485960970633 ], [ 8555152.329358793795109, 1029786.794485960970633 ], [ 8555090.312044996768236, 1029786.794485960970633 ], [ 8555090.312044996768236, 1029662.759858365636319 ], [ 8555059.3033880982548, 1029662.759858365636319 ], [ 8554873.251446705311537, 1029662.759858365636319 ], [ 8554873.251446705311537, 1029569.733887669164687 ], [ 8554842.2427898067981, 1029569.733887669164687 ], [ 8554780.225476007908583, 1029569.733887669164687 ], [ 8554780.225476007908583, 1028143.335670323460363 ], [ 8554873.251446705311537, 1028143.335670323460363 ], [ 8554873.251446705311537, 1028050.309699626988731 ], [ 8555090.312044996768236, 1028050.309699626988731 ], [ 8555090.312044996768236, 1028143.335670323460363 ], [ 8555152.329358793795109, 1028143.335670323460363 ], [ 8555183.338015692308545, 1028143.335670323460363 ], [ 8555183.338015692308545, 1028267.370297918678261 ], [ 8555276.363986389711499, 1028267.370297918678261 ], [ 8555276.363986389711499, 1028143.335670323460363 ], [ 8555400.39861398562789, 1028143.335670323460363 ], [ 8555400.39861398562789, 1027957.2837289305171 ], [ 8555493.424584681168199, 1027957.2837289305171 ], [ 8555493.424584681168199, 1027864.257758234045468 ], [ 8555462.415927782654762, 1027864.257758234045468 ], [ 8555276.363986389711499, 1027864.257758234045468 ], [ 8555276.363986389711499, 1027740.223130638711154 ], [ 8555586.450555378571153, 1027740.223130638711154 ], [ 8555586.450555378571153, 1027647.197159942355938 ], [ 8555679.476526074111462, 1027647.197159942355938 ], [ 8555679.476526074111462, 1027461.145218549412675 ], [ 8555648.467869175598025, 1027461.145218549412675 ], [ 8555493.424584681168199, 1027461.145218549412675 ], [ 8555493.424584681168199, 1027337.110590954078361 ], [ 8555400.39861398562789, 1027337.110590954078361 ], [ 8555400.39861398562789, 1027461.145218549412675 ], [ 8555183.338015692308545, 1027461.145218549412675 ], [ 8555183.338015692308545, 1027554.171189245884307 ], [ 8555090.312044996768236, 1027554.171189245884307 ], [ 8555090.312044996768236, 1027461.145218549412675 ], [ 8555059.3033880982548, 1027461.145218549412675 ], [ 8554966.277417400851846, 1027461.145218549412675 ], [ 8554966.277417400851846, 1027337.110590954078361 ], [ 8554935.268760502338409, 1027337.110590954078361 ], [ 8554873.251446705311537, 1027337.110590954078361 ], [ 8554873.251446705311537, 1027151.058649561135098 ], [ 8554966.277417400851846, 1027151.058649561135098 ], [ 8554966.277417400851846, 1026840.972080572973937 ], [ 8554935.268760502338409, 1026840.972080572973937 ], [ 8554873.251446705311537, 1026840.972080572973937 ], [ 8554873.251446705311537, 1026344.833570191869512 ], [ 8554842.2427898067981, 1026344.833570191869512 ], [ 8554780.225476007908583, 1026344.833570191869512 ], [ 8554780.225476007908583, 1026034.747001203591935 ], [ 8558532.27296076528728, 1026034.747001203591935 ], [ 8558532.27296076528728, 1026220.798942596535198 ], [ 8558594.290274564176798, 1026220.798942596535198 ], [ 8558625.298931462690234, 1026220.798942596535198 ], [ 8558625.298931462690234, 1026344.833570191869512 ], [ 8558718.324902158230543, 1026344.833570191869512 ], [ 8558718.324902158230543, 1026034.747001203591935 ], [ 8558842.359529754146934, 1026034.747001203591935 ], [ 8558842.359529754146934, 1026127.772971900063567 ], [ 8559090.428784944117069, 1026127.772971900063567 ], [ 8559121.437441842630506, 1026127.772971900063567 ], [ 8559121.437441842630506, 1026344.833570191869512 ], [ 8559028.411471147090197, 1026344.833570191869512 ], [ 8559028.411471147090197, 1027244.08462025760673 ], [ 8559090.428784944117069, 1027244.08462025760673 ], [ 8559121.437441842630506, 1027244.08462025760673 ], [ 8559121.437441842630506, 1027337.110590954078361 ], [ 8559028.411471147090197, 1027337.110590954078361 ], [ 8559028.411471147090197, 1028050.309699626988731 ], [ 8559090.428784944117069, 1028050.309699626988731 ], [ 8559121.437441842630506, 1028050.309699626988731 ], [ 8559121.437441842630506, 1028143.335670323460363 ], [ 8559245.472069438546896, 1028143.335670323460363 ], [ 8559245.472069438546896, 1028050.309699626988731 ], [ 8559338.49804013594985, 1028050.309699626988731 ], [ 8559338.49804013594985, 1027957.2837289305171 ], [ 8559431.524010831490159, 1027957.2837289305171 ], [ 8559431.524010831490159, 1027864.257758234045468 ], [ 8559648.584609122946858, 1027864.257758234045468 ], [ 8559648.584609122946858, 1027740.223130638711154 ], [ 8559741.610579820349813, 1027740.223130638711154 ], [ 8559741.610579820349813, 1027647.197159942355938 ], [ 8559834.636550515890121, 1027647.197159942355938 ], [ 8559834.636550515890121, 1027554.171189245884307 ], [ 8559958.671178111806512, 1027554.171189245884307 ], [ 8559958.671178111806512, 1027461.145218549412675 ], [ 8560237.749090200290084, 1027461.145218549412675 ], [ 8560237.749090200290084, 1027337.110590954078361 ], [ 8560361.783717796206474, 1027337.110590954078361 ], [ 8560361.783717796206474, 1027244.08462025760673 ], [ 8560547.835659189149737, 1027244.08462025760673 ], [ 8560547.835659189149737, 1027151.058649561135098 ], [ 8560640.861629884690046, 1027151.058649561135098 ], [ 8560640.861629884690046, 1027027.0240219659172 ], [ 8560764.896257480606437, 1027027.0240219659172 ], [ 8560764.896257480606437, 1026933.998051269445568 ], [ 8560733.887600582093, 1026933.998051269445568 ], [ 8560454.809688491746783, 1026933.998051269445568 ], [ 8560454.809688491746783, 1026840.972080572973937 ], [ 8560237.749090200290084, 1026840.972080572973937 ], [ 8560237.749090200290084, 1026933.998051269445568 ], [ 8559958.671178111806512, 1026933.998051269445568 ], [ 8559958.671178111806512, 1027027.0240219659172 ], [ 8559834.636550515890121, 1027027.0240219659172 ], [ 8559834.636550515890121, 1027151.058649561135098 ], [ 8559741.610579820349813, 1027151.058649561135098 ], [ 8559741.610579820349813, 1027244.08462025760673 ], [ 8559648.584609122946858, 1027244.08462025760673 ], [ 8559648.584609122946858, 1027337.110590954078361 ], [ 8559524.549981528893113, 1027337.110590954078361 ], [ 8559524.549981528893113, 1027151.058649561135098 ], [ 8559648.584609122946858, 1027151.058649561135098 ], [ 8559648.584609122946858, 1027027.0240219659172 ], [ 8559834.636550515890121, 1027027.0240219659172 ], [ 8559834.636550515890121, 1026933.998051269445568 ], [ 8559803.627893617376685, 1026933.998051269445568 ], [ 8559648.584609122946858, 1026933.998051269445568 ], [ 8559648.584609122946858, 1026840.972080572973937 ], [ 8559431.524010831490159, 1026840.972080572973937 ], [ 8559431.524010831490159, 1026933.998051269445568 ], [ 8559338.49804013594985, 1026933.998051269445568 ], [ 8559338.49804013594985, 1027027.0240219659172 ], [ 8559121.437441842630506, 1027027.0240219659172 ], [ 8559121.437441842630506, 1026933.998051269445568 ], [ 8559245.472069438546896, 1026933.998051269445568 ], [ 8559245.472069438546896, 1026747.946109876502305 ], [ 8559338.49804013594985, 1026747.946109876502305 ], [ 8559338.49804013594985, 1026530.885511584812775 ], [ 8559431.524010831490159, 1026530.885511584812775 ], [ 8559431.524010831490159, 1026623.911482281284407 ], [ 8559524.549981528893113, 1026623.911482281284407 ], [ 8559524.549981528893113, 1026530.885511584812775 ], [ 8559741.610579820349813, 1026530.885511584812775 ], [ 8559741.610579820349813, 1026437.859540888341144 ], [ 8559710.601922921836376, 1026437.859540888341144 ], [ 8559524.549981528893113, 1026437.859540888341144 ], [ 8559524.549981528893113, 1026220.798942596535198 ], [ 8559648.584609122946858, 1026220.798942596535198 ], [ 8559648.584609122946858, 1026127.772971900063567 ], [ 8559741.610579820349813, 1026127.772971900063567 ], [ 8559741.610579820349813, 1026034.747001203591935 ], [ 8562656.424328308552504, 1026034.747001203591935 ], [ 8562687.43298520706594, 1026034.747001203591935 ], [ 8562687.43298520706594, 1026127.772971900063567 ], [ 8562563.398357613012195, 1026127.772971900063567 ], [ 8562563.398357613012195, 1026220.798942596535198 ], [ 8562377.346416220068932, 1026220.798942596535198 ], [ 8562377.346416220068932, 1026344.833570191869512 ], [ 8561881.207905838266015, 1026344.833570191869512 ], [ 8561881.207905838266015, 1026437.859540888341144 ], [ 8561757.173278242349625, 1026437.859540888341144 ], [ 8561757.173278242349625, 1026530.885511584812775 ], [ 8561664.147307546809316, 1026530.885511584812775 ], [ 8561664.147307546809316, 1026747.946109876502305 ], [ 8561571.121336849406362, 1026747.946109876502305 ], [ 8561571.121336849406362, 1026933.998051269445568 ], [ 8561354.060738557949662, 1026933.998051269445568 ], [ 8561354.060738557949662, 1027027.0240219659172 ], [ 8561168.008797165006399, 1027027.0240219659172 ], [ 8561168.008797165006399, 1027151.058649561135098 ], [ 8561043.974169570952654, 1027151.058649561135098 ], [ 8561043.974169570952654, 1027027.0240219659172 ], [ 8560950.9481988735497, 1027027.0240219659172 ], [ 8560950.9481988735497, 1027244.08462025760673 ], [ 8560857.922228178009391, 1027244.08462025760673 ], [ 8560857.922228178009391, 1027461.145218549412675 ], [ 8560764.896257480606437, 1027461.145218549412675 ], [ 8560764.896257480606437, 1027554.171189245884307 ], [ 8560640.861629884690046, 1027554.171189245884307 ], [ 8560640.861629884690046, 1027647.197159942355938 ], [ 8560547.835659189149737, 1027647.197159942355938 ], [ 8560547.835659189149737, 1027864.257758234045468 ], [ 8560361.783717796206474, 1027864.257758234045468 ], [ 8560361.783717796206474, 1027957.2837289305171 ], [ 8560144.723119504749775, 1027957.2837289305171 ], [ 8560144.723119504749775, 1028050.309699626988731 ], [ 8560051.697148807346821, 1028050.309699626988731 ], [ 8560051.697148807346821, 1028143.335670323460363 ], [ 8559834.636550515890121, 1028143.335670323460363 ], [ 8559834.636550515890121, 1028267.370297918678261 ], [ 8559741.610579820349813, 1028267.370297918678261 ], [ 8559741.610579820349813, 1028360.396268615149893 ], [ 8559648.584609122946858, 1028360.396268615149893 ], [ 8559648.584609122946858, 1028453.422239311621524 ], [ 8559431.524010831490159, 1028453.422239311621524 ], [ 8559431.524010831490159, 1028546.448210008093156 ], [ 8559338.49804013594985, 1028546.448210008093156 ], [ 8559338.49804013594985, 1028670.48283760342747 ], [ 8559245.472069438546896, 1028670.48283760342747 ], [ 8559245.472069438546896, 1028763.508808299899101 ], [ 8558935.385500449687243, 1028763.508808299899101 ], [ 8558935.385500449687243, 1028856.534778996254317 ], [ 8558842.359529754146934, 1028856.534778996254317 ], [ 8558842.359529754146934, 1028980.569406591588631 ], [ 8558718.324902158230543, 1028980.569406591588631 ], [ 8558718.324902158230543, 1029166.621347984531894 ], [ 8558625.298931462690234, 1029166.621347984531894 ], [ 8558625.298931462690234, 1029259.647318681003526 ], [ 8558439.246990069746971, 1029259.647318681003526 ], [ 8558439.246990069746971, 1029166.621347984531894 ], [ 8558005.125793484970927, 1029166.621347984531894 ], [ 8558005.125793484970927, 1029259.647318681003526 ], [ 8557819.073852092027664, 1029259.647318681003526 ], [ 8557819.073852092027664, 1029383.681946276221424 ], [ 8557726.047881396487355, 1029383.681946276221424 ], [ 8557726.047881396487355, 1029476.707916972693056 ], [ 8557602.013253800570965, 1029476.707916972693056 ], [ 8557602.013253800570965, 1029569.733887669164687 ], [ 8557508.987283105030656, 1029569.733887669164687 ], [ 8557508.987283105030656, 1029662.759858365636319 ], [ 8557602.013253800570965, 1029662.759858365636319 ], [ 8557602.013253800570965, 1029569.733887669164687 ], [ 8557819.073852092027664, 1029569.733887669164687 ], [ 8557819.073852092027664, 1029662.759858365636319 ], [ 8557912.099822789430618, 1029662.759858365636319 ], [ 8557912.099822789430618, 1029569.733887669164687 ], [ 8558005.125793484970927, 1029569.733887669164687 ], [ 8558005.125793484970927, 1029662.759858365636319 ], [ 8558284.203705575317144, 1029662.759858365636319 ], [ 8558315.212362473830581, 1029662.759858365636319 ], [ 8558315.212362473830581, 1029786.794485960970633 ], [ 8558222.186391778290272, 1029786.794485960970633 ], [ 8558222.186391778290272, 1029879.820456657442264 ], [ 8558129.160421080887318, 1029879.820456657442264 ], [ 8558129.160421080887318, 1029972.84642735379748 ], [ 8558005.125793484970927, 1029972.84642735379748 ], [ 8558005.125793484970927, 1030065.872398050269112 ], [ 8557912.099822789430618, 1030065.872398050269112 ], [ 8557912.099822789430618, 1030282.932996342075057 ], [ 8557974.117136586457491, 1030282.932996342075057 ], [ 8558005.125793484970927, 1030282.932996342075057 ], [ 8558005.125793484970927, 1030499.993594633764587 ], [ 8558129.160421080887318, 1030499.993594633764587 ], [ 8558129.160421080887318, 1030375.958967038546689 ], [ 8558222.186391778290272, 1030375.958967038546689 ], [ 8558222.186391778290272, 1030282.932996342075057 ], [ 8558315.212362473830581, 1030282.932996342075057 ], [ 8558315.212362473830581, 1030189.907025645603426 ], [ 8558284.203705575317144, 1030189.907025645603426 ], [ 8558005.125793484970927, 1030189.907025645603426 ], [ 8558005.125793484970927, 1030065.872398050269112 ], [ 8558129.160421080887318, 1030065.872398050269112 ], [ 8558129.160421080887318, 1029972.84642735379748 ], [ 8558222.186391778290272, 1029972.84642735379748 ], [ 8558222.186391778290272, 1029879.820456657442264 ], [ 8558439.246990069746971, 1029879.820456657442264 ], [ 8558439.246990069746971, 1029972.84642735379748 ], [ 8558501.264303866773844, 1029972.84642735379748 ], [ 8558532.27296076528728, 1029972.84642735379748 ], [ 8558532.27296076528728, 1030282.932996342075057 ], [ 8558439.246990069746971, 1030282.932996342075057 ], [ 8558439.246990069746971, 1030499.993594633764587 ], [ 8558315.212362473830581, 1030499.993594633764587 ], [ 8558315.212362473830581, 1030686.04553602670785 ], [ 8558129.160421080887318, 1030686.04553602670785 ], [ 8558129.160421080887318, 1030779.071506723179482 ], [ 8558284.203705575317144, 1030779.071506723179482 ], [ 8558315.212362473830581, 1030779.071506723179482 ], [ 8558315.212362473830581, 1030903.106134318513796 ], [ 8558222.186391778290272, 1030903.106134318513796 ], [ 8558222.186391778290272, 1031089.158075711340643 ], [ 8558129.160421080887318, 1031089.158075711340643 ], [ 8558129.160421080887318, 1030996.132105014985427 ], [ 8558005.125793484970927, 1030996.132105014985427 ], [ 8558005.125793484970927, 1031089.158075711340643 ], [ 8557912.099822789430618, 1031089.158075711340643 ], [ 8557912.099822789430618, 1030996.132105014985427 ], [ 8557726.047881396487355, 1030996.132105014985427 ], [ 8557726.047881396487355, 1031182.184046407812275 ], [ 8557974.117136586457491, 1031182.184046407812275 ], [ 8558005.125793484970927, 1031182.184046407812275 ], [ 8558005.125793484970927, 1031306.218674003146589 ], [ 8558098.151764182373881, 1031306.218674003146589 ], [ 8558129.160421080887318, 1031306.218674003146589 ], [ 8558129.160421080887318, 1032112.44375337252859 ], [ 8558005.125793484970927, 1032112.44375337252859 ], [ 8558005.125793484970927, 1032205.469724068883806 ], [ 8557912.099822789430618, 1032205.469724068883806 ], [ 8557912.099822789430618, 1032515.556293057161383 ], [ 8557974.117136586457491, 1032515.556293057161383 ], [ 8558005.125793484970927, 1032515.556293057161383 ], [ 8558005.125793484970927, 1032825.642862045322545 ], [ 8557819.073852092027664, 1032825.642862045322545 ], [ 8557819.073852092027664, 1033228.755401730071753 ], [ 8557726.047881396487355, 1033228.755401730071753 ], [ 8557726.047881396487355, 1033321.781372426426969 ], [ 8557788.065195193514228, 1033321.781372426426969 ], [ 8557819.073852092027664, 1033321.781372426426969 ], [ 8557819.073852092027664, 1033414.807343122898601 ], [ 8557974.117136586457491, 1033414.807343122898601 ], [ 8558005.125793484970927, 1033414.807343122898601 ], [ 8558005.125793484970927, 1033538.841970718232915 ], [ 8557819.073852092027664, 1033538.841970718232915 ], [ 8557819.073852092027664, 1033724.893912111176178 ], [ 8557726.047881396487355, 1033724.893912111176178 ], [ 8557726.047881396487355, 1033941.954510402865708 ], [ 8558191.17773487791419, 1033941.954510402865708 ], [ 8558222.186391778290272, 1033941.954510402865708 ], [ 8558222.186391778290272, 1034034.980481099337339 ], [ 8558129.160421080887318, 1034034.980481099337339 ], [ 8558129.160421080887318, 1034128.006451795808971 ], [ 8558191.17773487791419, 1034128.006451795808971 ], [ 8558222.186391778290272, 1034128.006451795808971 ], [ 8558222.186391778290272, 1034345.067050087498501 ], [ 8558129.160421080887318, 1034345.067050087498501 ], [ 8558129.160421080887318, 1034531.118991480441764 ], [ 8558222.186391778290272, 1034531.118991480441764 ], [ 8558222.186391778290272, 1034438.093020783970132 ], [ 8558439.246990069746971, 1034438.093020783970132 ], [ 8558439.246990069746971, 1034345.067050087498501 ], [ 8558532.27296076528728, 1034345.067050087498501 ], [ 8558532.27296076528728, 1034221.032422492280602 ], [ 8558625.298931462690234, 1034221.032422492280602 ], [ 8558625.298931462690234, 1034128.006451795808971 ], [ 8558718.324902158230543, 1034128.006451795808971 ], [ 8558718.324902158230543, 1034034.980481099337339 ], [ 8558842.359529754146934, 1034034.980481099337339 ], [ 8558842.359529754146934, 1033817.919882807647809 ], [ 8558935.385500449687243, 1033817.919882807647809 ], [ 8558935.385500449687243, 1033724.893912111176178 ], [ 8559028.411471147090197, 1033724.893912111176178 ], [ 8559028.411471147090197, 1033631.867941414704546 ], [ 8559121.437441842630506, 1033631.867941414704546 ], [ 8559121.437441842630506, 1033538.841970718232915 ], [ 8559245.472069438546896, 1033538.841970718232915 ], [ 8559245.472069438546896, 1033631.867941414704546 ], [ 8559524.549981528893113, 1033631.867941414704546 ], [ 8559524.549981528893113, 1033538.841970718232915 ], [ 8559741.610579820349813, 1033538.841970718232915 ], [ 8559741.610579820349813, 1033321.781372426426969 ], [ 8559834.636550515890121, 1033321.781372426426969 ], [ 8559834.636550515890121, 1033228.755401730071753 ], [ 8559958.671178111806512, 1033228.755401730071753 ], [ 8559958.671178111806512, 1033104.720774134737439 ], [ 8560051.697148807346821, 1033104.720774134737439 ], [ 8560051.697148807346821, 1033011.694803438265808 ], [ 8560547.835659189149737, 1033011.694803438265808 ], [ 8560547.835659189149737, 1033321.781372426426969 ], [ 8560609.85297298617661, 1033321.781372426426969 ], [ 8560640.861629884690046, 1033321.781372426426969 ], [ 8560640.861629884690046, 1033414.807343122898601 ], [ 8560857.922228178009391, 1033414.807343122898601 ], [ 8560857.922228178009391, 1033321.781372426426969 ], [ 8561043.974169570952654, 1033321.781372426426969 ], [ 8561043.974169570952654, 1033414.807343122898601 ], [ 8561137.000140266492963, 1033414.807343122898601 ], [ 8561168.008797165006399, 1033414.807343122898601 ], [ 8561168.008797165006399, 1033631.867941414704546 ], [ 8561043.974169570952654, 1033631.867941414704546 ], [ 8561043.974169570952654, 1033724.893912111176178 ], [ 8561137.000140266492963, 1033724.893912111176178 ], [ 8561168.008797165006399, 1033724.893912111176178 ], [ 8561168.008797165006399, 1034034.980481099337339 ], [ 8560950.9481988735497, 1034034.980481099337339 ], [ 8560950.9481988735497, 1034128.006451795808971 ], [ 8560640.861629884690046, 1034128.006451795808971 ], [ 8560640.861629884690046, 1034221.032422492280602 ], [ 8560361.783717796206474, 1034221.032422492280602 ], [ 8560361.783717796206474, 1034345.067050087498501 ], [ 8559648.584609122946858, 1034345.067050087498501 ], [ 8559648.584609122946858, 1034221.032422492280602 ], [ 8559617.575952224433422, 1034221.032422492280602 ], [ 8559524.549981528893113, 1034221.032422492280602 ], [ 8559524.549981528893113, 1034034.980481099337339 ], [ 8559648.584609122946858, 1034034.980481099337339 ], [ 8559648.584609122946858, 1033941.954510402865708 ], [ 8559834.636550515890121, 1033941.954510402865708 ], [ 8559834.636550515890121, 1033817.919882807647809 ], [ 8559338.49804013594985, 1033817.919882807647809 ], [ 8559338.49804013594985, 1033941.954510402865708 ], [ 8559121.437441842630506, 1033941.954510402865708 ], [ 8559121.437441842630506, 1034034.980481099337339 ], [ 8559028.411471147090197, 1034034.980481099337339 ], [ 8559028.411471147090197, 1034221.032422492280602 ], [ 8558842.359529754146934, 1034221.032422492280602 ], [ 8558842.359529754146934, 1034438.093020783970132 ], [ 8558718.324902158230543, 1034438.093020783970132 ], [ 8558718.324902158230543, 1034531.118991480441764 ], [ 8558439.246990069746971, 1034531.118991480441764 ], [ 8558439.246990069746971, 1034624.144962176913396 ], [ 8558315.212362473830581, 1034624.144962176913396 ], [ 8558315.212362473830581, 1034748.179589772247709 ], [ 8558129.160421080887318, 1034748.179589772247709 ], [ 8558129.160421080887318, 1034841.205560468719341 ], [ 8558005.125793484970927, 1034841.205560468719341 ], [ 8558005.125793484970927, 1035058.266158760408871 ], [ 8557819.073852092027664, 1035058.266158760408871 ], [ 8557819.073852092027664, 1034934.231531165190972 ], [ 8557726.047881396487355, 1034934.231531165190972 ], [ 8557726.047881396487355, 1035151.292129456880502 ], [ 8557881.091165890917182, 1035151.292129456880502 ], [ 8557912.099822789430618, 1035151.292129456880502 ], [ 8557912.099822789430618, 1035244.318100153352134 ], [ 8558005.125793484970927, 1035244.318100153352134 ], [ 8558005.125793484970927, 1035151.292129456880502 ], [ 8558129.160421080887318, 1035151.292129456880502 ], [ 8558129.160421080887318, 1035058.266158760408871 ], [ 8558222.186391778290272, 1035058.266158760408871 ], [ 8558222.186391778290272, 1034934.231531165190972 ], [ 8558315.212362473830581, 1034934.231531165190972 ], [ 8558315.212362473830581, 1034841.205560468719341 ], [ 8558532.27296076528728, 1034841.205560468719341 ], [ 8558532.27296076528728, 1034934.231531165190972 ], [ 8558718.324902158230543, 1034934.231531165190972 ], [ 8558718.324902158230543, 1034841.205560468719341 ], [ 8558904.376843551173806, 1034841.205560468719341 ], [ 8558935.385500449687243, 1034841.205560468719341 ], [ 8558935.385500449687243, 1034934.231531165190972 ], [ 8558842.359529754146934, 1034934.231531165190972 ], [ 8558842.359529754146934, 1035058.266158760408871 ], [ 8558718.324902158230543, 1035058.266158760408871 ], [ 8558718.324902158230543, 1035151.292129456880502 ], [ 8558625.298931462690234, 1035151.292129456880502 ], [ 8558625.298931462690234, 1035244.318100153352134 ], [ 8558439.246990069746971, 1035244.318100153352134 ], [ 8558439.246990069746971, 1035058.266158760408871 ], [ 8558222.186391778290272, 1035058.266158760408871 ], [ 8558222.186391778290272, 1035151.292129456880502 ], [ 8558129.160421080887318, 1035151.292129456880502 ], [ 8558129.160421080887318, 1035244.318100153352134 ], [ 8558191.17773487791419, 1035244.318100153352134 ], [ 8558222.186391778290272, 1035244.318100153352134 ], [ 8558222.186391778290272, 1035337.344070849823765 ], [ 8558129.160421080887318, 1035337.344070849823765 ], [ 8558129.160421080887318, 1035461.378698445158079 ], [ 8558284.203705575317144, 1035461.378698445158079 ], [ 8558315.212362473830581, 1035461.378698445158079 ], [ 8558315.212362473830581, 1035554.404669141513295 ], [ 8558501.264303866773844, 1035554.404669141513295 ], [ 8558532.27296076528728, 1035554.404669141513295 ], [ 8558532.27296076528728, 1035647.430639837984927 ], [ 8558687.316245259717107, 1035647.430639837984927 ], [ 8558718.324902158230543, 1035647.430639837984927 ], [ 8558718.324902158230543, 1035740.456610534456559 ], [ 8558904.376843551173806, 1035740.456610534456559 ], [ 8558935.385500449687243, 1035740.456610534456559 ], [ 8558935.385500449687243, 1035957.517208826262504 ], [ 8558842.359529754146934, 1035957.517208826262504 ], [ 8558842.359529754146934, 1036267.603777814423665 ], [ 8558904.376843551173806, 1036267.603777814423665 ], [ 8558935.385500449687243, 1036267.603777814423665 ], [ 8558935.385500449687243, 1036360.629748510895297 ], [ 8559090.428784944117069, 1036360.629748510895297 ], [ 8559121.437441842630506, 1036360.629748510895297 ], [ 8559121.437441842630506, 1036670.716317499056458 ], [ 8558935.385500449687243, 1036670.716317499056458 ], [ 8558935.385500449687243, 1036763.74228819552809 ], [ 8558842.359529754146934, 1036763.74228819552809 ], [ 8558842.359529754146934, 1036670.716317499056458 ], [ 8558315.212362473830581, 1036670.716317499056458 ], [ 8558315.212362473830581, 1036763.74228819552809 ], [ 8558129.160421080887318, 1036763.74228819552809 ], [ 8558129.160421080887318, 1036856.768258891999722 ], [ 8557912.099822789430618, 1036856.768258891999722 ], [ 8557912.099822789430618, 1036763.74228819552809 ], [ 8557881.091165890917182, 1036763.74228819552809 ], [ 8557819.073852092027664, 1036763.74228819552809 ], [ 8557819.073852092027664, 1036670.716317499056458 ], [ 8557912.099822789430618, 1036670.716317499056458 ], [ 8557912.099822789430618, 1036453.655719207366928 ], [ 8557881.091165890917182, 1036453.655719207366928 ], [ 8557819.073852092027664, 1036453.655719207366928 ], [ 8557819.073852092027664, 1036360.629748510895297 ], [ 8557508.987283105030656, 1036360.629748510895297 ], [ 8557508.987283105030656, 1036453.655719207366928 ], [ 8557571.004596902057528, 1036453.655719207366928 ], [ 8557602.013253800570965, 1036453.655719207366928 ], [ 8557602.013253800570965, 1036577.690346802584827 ], [ 8557508.987283105030656, 1036577.690346802584827 ], [ 8557508.987283105030656, 1036980.802886487334035 ], [ 8557415.961312407627702, 1036980.802886487334035 ], [ 8557415.961312407627702, 1037073.828857183805667 ], [ 8557322.935341712087393, 1037073.828857183805667 ], [ 8557322.935341712087393, 1037166.854827880277298 ], [ 8557198.900714116171002, 1037166.854827880277298 ], [ 8557198.900714116171002, 1037259.88079857674893 ], [ 8557012.848772723227739, 1037259.88079857674893 ], [ 8557012.848772723227739, 1037383.915426171966828 ], [ 8556919.82280202768743, 1037383.915426171966828 ], [ 8556919.82280202768743, 1037569.967367564910091 ], [ 8556795.78817443177104, 1037569.967367564910091 ], [ 8556795.78817443177104, 1037787.027965856599621 ], [ 8556702.762203736230731, 1037787.027965856599621 ], [ 8556702.762203736230731, 1038283.166476237820461 ], [ 8556764.779517533257604, 1038283.166476237820461 ], [ 8556795.78817443177104, 1038283.166476237820461 ], [ 8556795.78817443177104, 1038593.253045225981623 ], [ 8556702.762203736230731, 1038593.253045225981623 ], [ 8556702.762203736230731, 1038686.279015922453254 ], [ 8556485.701605442911386, 1038686.279015922453254 ], [ 8556485.701605442911386, 1038779.304986618924886 ], [ 8556206.623693354427814, 1038779.304986618924886 ], [ 8556206.623693354427814, 1039182.417526303557679 ], [ 8555896.537124365568161, 1039182.417526303557679 ], [ 8555896.537124365568161, 1039089.391555607086048 ], [ 8555803.511153670027852, 1039089.391555607086048 ], [ 8555803.511153670027852, 1039306.452153898891993 ], [ 8555400.39861398562789, 1039306.452153898891993 ], [ 8555400.39861398562789, 1039399.478124595363624 ], [ 8555183.338015692308545, 1039399.478124595363624 ], [ 8555183.338015692308545, 1039616.538722887053154 ], [ 8555245.355329491198063, 1039616.538722887053154 ], [ 8555276.363986389711499, 1039616.538722887053154 ], [ 8555276.363986389711499, 1040019.651262571685947 ], [ 8555090.312044996768236, 1040019.651262571685947 ], [ 8555090.312044996768236, 1040205.703203964629211 ], [ 8555183.338015692308545, 1040205.703203964629211 ], [ 8555183.338015692308545, 1040112.677233268157579 ], [ 8555245.355329491198063, 1040112.677233268157579 ], [ 8555276.363986389711499, 1040112.677233268157579 ], [ 8555276.363986389711499, 1040298.729174661100842 ], [ 8555090.312044996768236, 1040298.729174661100842 ], [ 8555090.312044996768236, 1040422.763802256435156 ], [ 8555152.329358793795109, 1040422.763802256435156 ], [ 8555183.338015692308545, 1040422.763802256435156 ], [ 8555183.338015692308545, 1040732.850371244596317 ], [ 8554966.277417400851846, 1040732.850371244596317 ], [ 8554966.277417400851846, 1040608.815743649378419 ], [ 8554873.251446705311537, 1040608.815743649378419 ], [ 8554873.251446705311537, 1040732.850371244596317 ], [ 8554935.268760502338409, 1040732.850371244596317 ], [ 8554966.277417400851846, 1040732.850371244596317 ], [ 8554966.277417400851846, 1040825.876341941067949 ], [ 8554873.251446705311537, 1040825.876341941067949 ] ], [ [ 8556702.762203736230731, 1031802.357184384251013 ], [ 8556795.78817443177104, 1031802.357184384251013 ], [ 8556795.78817443177104, 1031709.331213687779382 ], [ 8556702.762203736230731, 1031709.331213687779382 ], [ 8556702.762203736230731, 1031802.357184384251013 ] ], [ [ 8557012.848772723227739, 1029786.794485960970633 ], [ 8557074.866086522117257, 1029786.794485960970633 ], [ 8557105.874743420630693, 1029786.794485960970633 ], [ 8557105.874743420630693, 1029879.820456657442264 ], [ 8556919.82280202768743, 1029879.820456657442264 ], [ 8556919.82280202768743, 1029786.794485960970633 ], [ 8556795.78817443177104, 1029786.794485960970633 ], [ 8556795.78817443177104, 1029879.820456657442264 ], [ 8556609.736233038827777, 1029879.820456657442264 ], [ 8556609.736233038827777, 1029786.794485960970633 ], [ 8556795.78817443177104, 1029786.794485960970633 ], [ 8556795.78817443177104, 1029662.759858365636319 ], [ 8557012.848772723227739, 1029662.759858365636319 ], [ 8557012.848772723227739, 1029786.794485960970633 ] ], [ [ 8558439.246990069746971, 1029476.707916972693056 ], [ 8558501.264303866773844, 1029476.707916972693056 ], [ 8558532.27296076528728, 1029476.707916972693056 ], [ 8558532.27296076528728, 1029569.733887669164687 ], [ 8558439.246990069746971, 1029569.733887669164687 ], [ 8558439.246990069746971, 1029662.759858365636319 ], [ 8558315.212362473830581, 1029662.759858365636319 ], [ 8558315.212362473830581, 1029569.733887669164687 ], [ 8558284.203705575317144, 1029569.733887669164687 ], [ 8558129.160421080887318, 1029569.733887669164687 ], [ 8558129.160421080887318, 1029476.707916972693056 ], [ 8558315.212362473830581, 1029476.707916972693056 ], [ 8558315.212362473830581, 1029383.681946276221424 ], [ 8558439.246990069746971, 1029383.681946276221424 ], [ 8558439.246990069746971, 1029476.707916972693056 ] ], [ [ 8557105.874743420630693, 1035337.344070849823765 ], [ 8557508.987283105030656, 1035337.344070849823765 ], [ 8557508.987283105030656, 1035244.318100153352134 ], [ 8557788.065195193514228, 1035244.318100153352134 ], [ 8557819.073852092027664, 1035244.318100153352134 ], [ 8557819.073852092027664, 1035461.378698445158079 ], [ 8557881.091165890917182, 1035461.378698445158079 ], [ 8557912.099822789430618, 1035461.378698445158079 ], [ 8557912.099822789430618, 1035554.404669141513295 ], [ 8557819.073852092027664, 1035554.404669141513295 ], [ 8557819.073852092027664, 1035647.430639837984927 ], [ 8557602.013253800570965, 1035647.430639837984927 ], [ 8557602.013253800570965, 1035740.456610534456559 ], [ 8557508.987283105030656, 1035740.456610534456559 ], [ 8557508.987283105030656, 1036050.543179522734135 ], [ 8557415.961312407627702, 1036050.543179522734135 ], [ 8557415.961312407627702, 1036143.569150219205767 ], [ 8557198.900714116171002, 1036143.569150219205767 ], [ 8557198.900714116171002, 1035957.517208826262504 ], [ 8557167.892057217657566, 1035957.517208826262504 ], [ 8557105.874743420630693, 1035957.517208826262504 ], [ 8557105.874743420630693, 1035647.430639837984927 ], [ 8557074.866086522117257, 1035647.430639837984927 ], [ 8557012.848772723227739, 1035647.430639837984927 ], [ 8557012.848772723227739, 1035554.404669141513295 ], [ 8556919.82280202768743, 1035554.404669141513295 ], [ 8556919.82280202768743, 1035647.430639837984927 ], [ 8556795.78817443177104, 1035647.430639837984927 ], [ 8556795.78817443177104, 1035554.404669141513295 ], [ 8556919.82280202768743, 1035554.404669141513295 ], [ 8556919.82280202768743, 1035337.344070849823765 ], [ 8557012.848772723227739, 1035337.344070849823765 ], [ 8557012.848772723227739, 1035244.318100153352134 ], [ 8557105.874743420630693, 1035244.318100153352134 ], [ 8557105.874743420630693, 1035337.344070849823765 ] ], [ [ 8556609.736233038827777, 1036143.569150219205767 ], [ 8556671.75354683585465, 1036143.569150219205767 ], [ 8556702.762203736230731, 1036143.569150219205767 ], [ 8556702.762203736230731, 1036267.603777814423665 ], [ 8556485.701605442911386, 1036267.603777814423665 ], [ 8556485.701605442911386, 1036360.629748510895297 ], [ 8556299.649664049968123, 1036360.629748510895297 ], [ 8556299.649664049968123, 1036453.655719207366928 ], [ 8556206.623693354427814, 1036453.655719207366928 ], [ 8556206.623693354427814, 1036577.690346802584827 ], [ 8556082.589065758511424, 1036577.690346802584827 ], [ 8556082.589065758511424, 1036763.74228819552809 ], [ 8556361.666977848857641, 1036763.74228819552809 ], [ 8556392.675634747371078, 1036763.74228819552809 ], [ 8556392.675634747371078, 1036856.768258891999722 ], [ 8556454.69294854439795, 1036856.768258891999722 ], [ 8556485.701605442911386, 1036856.768258891999722 ], [ 8556485.701605442911386, 1036980.802886487334035 ], [ 8556392.675634747371078, 1036980.802886487334035 ], [ 8556392.675634747371078, 1037073.828857183805667 ], [ 8556299.649664049968123, 1037073.828857183805667 ], [ 8556299.649664049968123, 1037166.854827880277298 ], [ 8556082.589065758511424, 1037166.854827880277298 ], [ 8556082.589065758511424, 1037259.88079857674893 ], [ 8555989.563095062971115, 1037259.88079857674893 ], [ 8555989.563095062971115, 1037383.915426171966828 ], [ 8555586.450555378571153, 1037383.915426171966828 ], [ 8555586.450555378571153, 1037476.94139686843846 ], [ 8555183.338015692308545, 1037476.94139686843846 ], [ 8555183.338015692308545, 1037569.967367564910091 ], [ 8554966.277417400851846, 1037569.967367564910091 ], [ 8554966.277417400851846, 1037476.94139686843846 ], [ 8555090.312044996768236, 1037476.94139686843846 ], [ 8555090.312044996768236, 1037383.915426171966828 ], [ 8555183.338015692308545, 1037383.915426171966828 ], [ 8555183.338015692308545, 1037259.88079857674893 ], [ 8555400.39861398562789, 1037259.88079857674893 ], [ 8555400.39861398562789, 1037166.854827880277298 ], [ 8555493.424584681168199, 1037166.854827880277298 ], [ 8555493.424584681168199, 1037073.828857183805667 ], [ 8555586.450555378571153, 1037073.828857183805667 ], [ 8555586.450555378571153, 1036980.802886487334035 ], [ 8555803.511153670027852, 1036980.802886487334035 ], [ 8555803.511153670027852, 1036856.768258891999722 ], [ 8556082.589065758511424, 1036856.768258891999722 ], [ 8556082.589065758511424, 1036763.74228819552809 ], [ 8556051.580408859997988, 1036763.74228819552809 ], [ 8555989.563095062971115, 1036763.74228819552809 ], [ 8555989.563095062971115, 1036143.569150219205767 ], [ 8556082.589065758511424, 1036143.569150219205767 ], [ 8556082.589065758511424, 1035957.517208826262504 ], [ 8556206.623693354427814, 1035957.517208826262504 ], [ 8556206.623693354427814, 1035864.491238129790872 ], [ 8556485.701605442911386, 1035864.491238129790872 ], [ 8556485.701605442911386, 1035957.517208826262504 ], [ 8556578.727576140314341, 1035957.517208826262504 ], [ 8556609.736233038827777, 1035957.517208826262504 ], [ 8556609.736233038827777, 1036143.569150219205767 ] ], [ [ 8556795.78817443177104, 1036050.543179522734135 ], [ 8556919.82280202768743, 1036050.543179522734135 ], [ 8556919.82280202768743, 1035957.517208826262504 ], [ 8557012.848772723227739, 1035957.517208826262504 ], [ 8557012.848772723227739, 1035864.491238129790872 ], [ 8556919.82280202768743, 1035864.491238129790872 ], [ 8556919.82280202768743, 1035957.517208826262504 ], [ 8556795.78817443177104, 1035957.517208826262504 ], [ 8556795.78817443177104, 1036050.543179522734135 ] ], [ [ 8555896.537124365568161, 1027337.110590954078361 ], [ 8555896.537124365568161, 1027244.08462025760673 ], [ 8555865.528467467054725, 1027244.08462025760673 ], [ 8555803.511153670027852, 1027244.08462025760673 ], [ 8555803.511153670027852, 1027151.058649561135098 ], [ 8555679.476526074111462, 1027151.058649561135098 ], [ 8555679.476526074111462, 1027244.08462025760673 ], [ 8555586.450555378571153, 1027244.08462025760673 ], [ 8555586.450555378571153, 1027337.110590954078361 ], [ 8555648.467869175598025, 1027337.110590954078361 ], [ 8555679.476526074111462, 1027337.110590954078361 ], [ 8555679.476526074111462, 1027461.145218549412675 ], [ 8555989.563095062971115, 1027461.145218549412675 ], [ 8555989.563095062971115, 1027337.110590954078361 ], [ 8555958.554438164457679, 1027337.110590954078361 ], [ 8555896.537124365568161, 1027337.110590954078361 ] ], [ [ 8557508.987283105030656, 1030686.04553602670785 ], [ 8557508.987283105030656, 1030499.993594633764587 ], [ 8557819.073852092027664, 1030499.993594633764587 ], [ 8557819.073852092027664, 1030593.019565330236219 ], [ 8557602.013253800570965, 1030593.019565330236219 ], [ 8557602.013253800570965, 1030686.04553602670785 ], [ 8557508.987283105030656, 1030686.04553602670785 ] ], [ [ 8556609.736233038827777, 1036453.655719207366928 ], [ 8556609.736233038827777, 1036360.629748510895297 ], [ 8556702.762203736230731, 1036360.629748510895297 ], [ 8556702.762203736230731, 1036453.655719207366928 ], [ 8556609.736233038827777, 1036453.655719207366928 ] ], [ [ 8558222.186391778290272, 1035244.318100153352134 ], [ 8558315.212362473830581, 1035244.318100153352134 ], [ 8558315.212362473830581, 1035151.292129456880502 ], [ 8558222.186391778290272, 1035151.292129456880502 ], [ 8558222.186391778290272, 1035244.318100153352134 ] ], [ [ 8557912.099822789430618, 1030686.04553602670785 ], [ 8558005.125793484970927, 1030686.04553602670785 ], [ 8558005.125793484970927, 1030593.019565330236219 ], [ 8557912.099822789430618, 1030593.019565330236219 ], [ 8557912.099822789430618, 1030686.04553602670785 ] ], [ [ 8558222.186391778290272, 1034128.006451795808971 ], [ 8558315.212362473830581, 1034128.006451795808971 ], [ 8558315.212362473830581, 1034034.980481099337339 ], [ 8558222.186391778290272, 1034034.980481099337339 ], [ 8558222.186391778290272, 1034128.006451795808971 ] ], [ [ 8556702.762203736230731, 1030593.019565330236219 ], [ 8556702.762203736230731, 1030499.993594633764587 ], [ 8556795.78817443177104, 1030499.993594633764587 ], [ 8556795.78817443177104, 1030593.019565330236219 ], [ 8556702.762203736230731, 1030593.019565330236219 ] ], [ [ 8557415.961312407627702, 1035151.292129456880502 ], [ 8557415.961312407627702, 1035058.266158760408871 ], [ 8557508.987283105030656, 1035058.266158760408871 ], [ 8557508.987283105030656, 1034841.205560468719341 ], [ 8557726.047881396487355, 1034841.205560468719341 ], [ 8557726.047881396487355, 1034934.231531165190972 ], [ 8557602.013253800570965, 1034934.231531165190972 ], [ 8557602.013253800570965, 1035058.266158760408871 ], [ 8557508.987283105030656, 1035058.266158760408871 ], [ 8557508.987283105030656, 1035151.292129456880502 ], [ 8557415.961312407627702, 1035151.292129456880502 ] ], [ [ 8557322.935341712087393, 1036360.629748510895297 ], [ 8557322.935341712087393, 1036267.603777814423665 ], [ 8557415.961312407627702, 1036267.603777814423665 ], [ 8557415.961312407627702, 1036360.629748510895297 ], [ 8557322.935341712087393, 1036360.629748510895297 ] ], [ [ 8555183.338015692308545, 1038593.253045225981623 ], [ 8555183.338015692308545, 1038500.227074529509991 ], [ 8555152.329358793795109, 1038500.227074529509991 ], [ 8554966.277417400851846, 1038500.227074529509991 ], [ 8554966.277417400851846, 1038190.14050554134883 ], [ 8555183.338015692308545, 1038190.14050554134883 ], [ 8555183.338015692308545, 1038097.114534844877198 ], [ 8555276.363986389711499, 1038097.114534844877198 ], [ 8555276.363986389711499, 1037973.079907249542885 ], [ 8555400.39861398562789, 1037973.079907249542885 ], [ 8555400.39861398562789, 1037880.053936553071253 ], [ 8555369.389957085251808, 1037880.053936553071253 ], [ 8555276.363986389711499, 1037880.053936553071253 ], [ 8555276.363986389711499, 1037787.027965856599621 ], [ 8555400.39861398562789, 1037787.027965856599621 ], [ 8555400.39861398562789, 1037880.053936553071253 ], [ 8555865.528467467054725, 1037880.053936553071253 ], [ 8555896.537124365568161, 1037880.053936553071253 ], [ 8555896.537124365568161, 1038376.192446934292093 ], [ 8555803.511153670027852, 1038376.192446934292093 ], [ 8555803.511153670027852, 1038500.227074529509991 ], [ 8555493.424584681168199, 1038500.227074529509991 ], [ 8555493.424584681168199, 1038593.253045225981623 ], [ 8555183.338015692308545, 1038593.253045225981623 ] ], [ [ 8554873.251446705311537, 1029569.733887669164687 ], [ 8554873.251446705311537, 1029476.707916972693056 ], [ 8554966.277417400851846, 1029476.707916972693056 ], [ 8554966.277417400851846, 1029569.733887669164687 ], [ 8554873.251446705311537, 1029569.733887669164687 ] ], [ [ 8558935.385500449687243, 1034841.205560468719341 ], [ 8559028.411471147090197, 1034841.205560468719341 ], [ 8559028.411471147090197, 1034748.179589772247709 ], [ 8558935.385500449687243, 1034748.179589772247709 ], [ 8558935.385500449687243, 1034841.205560468719341 ] ], [ [ 8557105.874743420630693, 1029786.794485960970633 ], [ 8557105.874743420630693, 1029662.759858365636319 ], [ 8557415.961312407627702, 1029662.759858365636319 ], [ 8557415.961312407627702, 1029786.794485960970633 ], [ 8557105.874743420630693, 1029786.794485960970633 ] ] ] } }
]
}
